os,cpu,gpu,ram,kernel,driver,cpuscheduler, , , , , 
Arch Linux,AMD Ryzen 7 5800X 8-Core Processor,Radeon RX 6700/6700 XT/6750 XT / 6800M/6850M XT,16300712,6.1.12-arch1-1,4.6 Mesa 22.3.6,schedutil, , , , , 
fps,frametime,cpu_load,gpu_load,cpu_temp,gpu_temp,gpu_core_clock,gpu_mem_clock,gpu_vram_used,gpu_power,ram_used,elapsed
77.5374,12897,15.1292,97,76,65,2392,1000,3.00412,141,6.45852,349124552
80.782,12379,15.1292,97,76,65,2392,1000,3.00412,141,6.45852,449180808
81.6593,12246,15.1292,97,76,65,2392,1000,3.00412,141,6.45852,549237304
75.03,13328,15.1292,97,76,65,2392,1000,3.00412,141,6.45852,649293290
74.0686,13501,15.1292,97,76,65,2392,1000,3.00412,141,6.45852,749349247
76.2195,13120,15.1292,97,76,65,2392,1000,3.00412,141,6.45852,849405583
79.4029,12594,4.19753,99,75,65,2411,1000,3.01314,142,6.42207,949461959
205.423,4868,4.19753,99,75,65,2411,1000,3.01314,142,6.42207,1049518045
78.6225,12719,4.19753,99,75,65,2411,1000,3.01314,142,6.42207,1149575262
74.4103,13439,4.19753,99,75,65,2411,1000,3.01314,142,6.42207,1249634828
69.43,14403,4.19753,99,75,65,2411,1000,3.01314,142,6.42207,1349691894
74.3439,13451,4.67405,99,73,65,2401,1000,3.00996,140,6.41911,1449748900
74.912,13349,4.67405,99,73,65,2401,1000,3.00996,140,6.41911,1549805976
82.7952,12078,4.67405,99,73,65,2401,1000,3.00996,140,6.41911,1649863193
82.7404,12086,4.67405,99,73,65,2401,1000,3.00996,140,6.41911,1749920069
73.4376,13617,4.67405,99,73,65,2401,1000,3.00996,140,6.41911,1849976895
72.2804,13835,3.71747,99,71,65,2403,1000,3.00996,140,6.4213,1950034401
79.3651,12600,3.71747,99,71,65,2403,1000,3.00996,140,6.4213,2050090678
72.5268,13788,3.71747,99,71,65,2403,1000,3.00996,140,6.4213,2150147314
73.6486,13578,3.71747,99,71,65,2403,1000,3.00996,140,6.4213,2250203680
73.888,13534,3.71747,99,71,65,2403,1000,3.00996,140,6.4213,2350261036
70.9723,14090,4.31034,99,70,64,2400,1000,3.0075,139,6.4213,2450319643
42.3496,23613,4.31034,99,70,64,2400,1000,3.0075,139,6.4213,2550378649
72.1137,13867,4.31034,99,70,64,2400,1000,3.0075,139,6.4213,2650436495
72.1657,13857,4.31034,99,70,64,2400,1000,3.0075,139,6.4213,2750494331
69.5072,14387,4.31034,99,70,64,2400,1000,3.0075,139,6.4213,2850550398
79.7512,12539,5.74572,99,68,65,2399,1000,3.00968,139,6.4213,2950606884
74.9457,13343,5.74572,99,68,65,2399,1000,3.00968,139,6.4213,3050663950
72.2439,13842,5.74572,99,68,65,2399,1000,3.00968,139,6.4213,3150720296
79.164,12632,5.74572,99,68,65,2399,1000,3.00968,139,6.4213,3250777003
73.3622,13631,5.74572,99,68,65,2399,1000,3.00968,139,6.4213,3350834199
79.7766,12535,4.01003,99,67,65,2400,1000,3.01641,139,6.42081,3450890215
75.1654,13304,4.01003,99,67,65,2400,1000,3.01641,139,6.42081,3550949521
63.1353,15839,4.01003,99,67,65,2400,1000,3.01641,139,6.42081,3651007768
71.0985,14065,4.01003,99,67,65,2400,1000,3.01641,139,6.42081,3751064894
68.8042,14534,4.01003,99,67,65,2400,1000,3.01641,139,6.42081,3851123230
96.8054,10330,32.7014,97,68,65,2337,1000,3.05624,137,6.42844,3951180086
50.4719,19813,32.7014,97,68,65,2337,1000,3.05624,137,6.42844,4051236542
75.0863,13318,32.7014,97,68,65,2337,1000,3.05624,137,6.42844,4151272949
77.2559,12944,32.7014,97,68,65,2337,1000,3.05624,137,6.42844,4251331985
70.279,14229,32.7014,97,68,65,2337,1000,3.05624,137,6.42844,4351387911
71.6486,13957,14.9144,97,67,65,2344,1000,3.06417,139,6.42951,4451444137
14.8445,67365,14.9144,97,67,65,2344,1000,3.06417,139,6.42951,4551507444
91.3242,10950,14.9144,97,67,65,2344,1000,3.06417,139,6.42951,4651564630
70.6664,14151,14.9144,97,67,65,2344,1000,3.06417,139,6.42951,4751621386
71.9528,13898,14.9144,97,67,65,2344,1000,3.06417,139,6.42951,4851678342
69.8373,14319,35.9853,87,69,65,2080,1000,3.08744,125,6.434,4951735439
77.7605,12860,35.9853,87,69,65,2080,1000,3.08744,125,6.434,5051791755
73.4322,13618,35.9853,87,69,65,2080,1000,3.08744,125,6.434,5151848551
73.4322,13618,35.9853,87,69,65,2080,1000,3.08744,125,6.434,5251903547
48.2114,20742,35.9853,87,69,65,2080,1000,3.08744,125,6.434,5351961924
74.5101,13421,25.0617,99,69,65,2397,1000,3.09653,140,6.43158,5452020170
55.4847,18023,25.0617,99,69,65,2397,1000,3.09653,140,6.43158,5552077636
66.7067,14991,25.0617,99,69,65,2397,1000,3.09653,140,6.43158,5652136202
82.8569,12069,25.0617,99,69,65,2397,1000,3.09653,140,6.43158,5752193589
75.4318,13257,25.0617,99,69,65,2397,1000,3.09653,140,6.43158,5852251295
73.185,13664,25.0617,99,69,65,2397,1000,3.09653,140,6.43158,5952308111
68.7711,14541,28.7273,95,69,65,2268,1000,3.10929,135,6.43106,6052365987
111.359,8980,28.7273,95,69,65,2268,1000,3.10929,135,6.43106,6152425024
73.7953,13551,28.7273,95,69,65,2268,1000,3.10929,135,6.43106,6252501040
69.2905,14432,28.7273,95,69,65,2268,1000,3.10929,135,6.43106,6352559326
77.2678,12942,28.7273,95,69,65,2268,1000,3.10929,135,6.43106,6452616992
72.1189,13866,37.0508,95,70,65,2266,1000,3.23727,136,6.43136,6552675439
66.7512,14981,37.0508,95,70,65,2266,1000,3.23727,136,6.43136,6652733395
76.3884,13091,37.0508,95,70,65,2266,1000,3.23727,136,6.43136,6752790261
38.4084,26036,37.0508,95,70,65,2266,1000,3.23727,136,6.43136,6852848317
73.4592,13613,37.0508,95,70,65,2266,1000,3.23727,136,6.43136,6952906053
73.4214,13620,28.7469,97,71,65,2338,1000,3.24842,137,6.43122,7052961800
72.7326,13749,28.7469,97,71,65,2338,1000,3.24842,137,6.43122,7153021466
74.2115,13475,28.7469,97,71,65,2338,1000,3.24842,137,6.43122,7253079812
66.8539,14958,28.7469,97,71,65,2338,1000,3.24842,137,6.43122,7353137578
74.8223,13365,28.7469,97,71,65,2338,1000,3.24842,137,6.43122,7453193875
58.7303,17027,24.0537,97,71,66,2361,1000,3.24413,138,6.43105,7553252611
76.2079,13122,24.0537,97,71,66,2361,1000,3.24413,138,6.43105,7653308817
81.3273,12296,24.0537,97,71,66,2361,1000,3.24413,138,6.43105,7753366053
79.139,12636,24.0537,97,71,66,2361,1000,3.24413,138,6.43105,7853423690
95.8865,10429,24.0537,97,71,66,2361,1000,3.24413,138,6.43105,7953479906
39.6699,25208,39.9754,97,72,66,2356,1000,3.2844,137,6.43203,8053539402
69.6767,14352,39.9754,97,72,66,2356,1000,3.2844,137,6.43203,8153597278
71.1744,14050,39.9754,97,72,66,2356,1000,3.2844,137,6.43203,8253655185
67.4582,14824,39.9754,97,72,66,2356,1000,3.2844,137,6.43203,8353711871
76.8699,13009,39.9754,97,72,66,2356,1000,3.2844,137,6.43203,8453768957
48.0885,20795,39.1677,97,73,66,2347,1000,3.32294,137,6.43093,8553827673
126.119,7929,39.1677,97,73,66,2347,1000,3.32294,137,6.43093,8653884000
74.4824,13426,39.1677,97,73,66,2347,1000,3.32294,137,6.43093,8753951536
93.8615,10654,39.1677,97,73,66,2347,1000,3.32294,137,6.43093,8853962942
83.0634,12039,39.1677,97,73,66,2347,1000,3.32294,137,6.43093,8954019828
116.863,8557,33.584,97,73,65,2347,1000,3.32294,137,6.42751,9054080245
69.0846,14475,33.584,97,73,65,2347,1000,3.32294,137,6.42751,9154138801
74.6324,13399,33.584,97,73,65,2347,1000,3.32294,137,6.42751,9254196647
67.6224,14788,33.584,97,73,65,2347,1000,3.32294,137,6.42751,9354255203
81.6793,12243,33.584,97,73,65,2347,1000,3.32294,137,6.42751,9454313910
80.36,12444,37.2986,96,74,66,2308,1000,3.32779,137,6.42532,9554369896
73.0087,13697,37.2986,96,74,66,2308,1000,3.32779,137,6.42532,9654427752
71.0126,14082,37.2986,96,74,66,2308,1000,3.32779,137,6.42532,9754486678
88.4408,11307,37.2986,96,74,66,2308,1000,3.32779,137,6.42532,9854543644
76.5755,13059,37.2986,96,74,66,2308,1000,3.32779,137,6.42532,9954601001
116.063,8616,28.75,98,74,66,2343,1000,3.36341,137,6.4249,10054656987
74.985,13336,28.75,98,74,66,2343,1000,3.36341,137,6.4249,10154675233
75.2842,13283,28.75,98,74,66,2343,1000,3.36341,137,6.4249,10254733339
75.6144,13225,28.75,98,74,66,2343,1000,3.36341,137,6.4249,10354800576
75.9186,13172,28.75,98,74,66,2343,1000,3.36341,137,6.4249,10454868772
71.6538,13956,11.9605,97,75,66,2301,1000,3.31393,135,6.42485,10554929488
118.526,8437,11.9605,97,75,66,2301,1000,3.31393,135,6.42485,10654988284
71.1389,14057,11.9605,97,75,66,2301,1000,3.31393,135,6.42485,10755045831
74.5101,13421,11.9605,97,75,66,2301,1000,3.31393,135,6.42485,10855102167
36.1781,27641,11.9605,97,75,66,2301,1000,3.31393,135,6.42485,10955161583
78.883,12677,34.7935,99,75,66,2360,1000,3.42978,137,6.42068,11055219289
78.9017,12674,34.7935,99,75,66,2360,1000,3.42978,137,6.42068,11155276126
139.121,7188,34.7935,99,75,66,2360,1000,3.42978,137,6.42068,11255322582
69.4493,14399,34.7935,99,75,66,2360,1000,3.42978,137,6.42068,11355381298
75.2955,13281,34.7935,99,75,66,2360,1000,3.42978,137,6.42068,11455440254
83.5282,11972,40.4732,98,75,66,2353,1000,3.43956,135,6.42115,11555496621
75.0694,13321,40.4732,98,75,66,2353,1000,3.43956,135,6.42115,11655570727
76.9468,12996,40.4732,98,75,66,2353,1000,3.43956,135,6.42115,11755628923
97.4564,10261,40.4732,98,75,66,2353,1000,3.43956,135,6.42115,11855686169
86.1401,11609,40.4732,98,75,66,2353,1000,3.43956,135,6.42115,11955742756
46.4662,21521,35.9951,99,75,66,2357,1000,3.43787,136,6.42278,12055799822
76.9586,12994,35.9951,99,75,66,2357,1000,3.43787,136,6.42278,12155856538
83.4167,11988,35.9951,99,75,66,2357,1000,3.43787,136,6.42278,12255912694
80.6387,12401,35.9951,99,75,66,2357,1000,3.43787,136,6.42278,12355969380
37.4939,26671,35.9951,99,75,66,2357,1000,3.43787,136,6.42278,12456026447
88.7075,11273,35.9951,99,75,66,2357,1000,3.43787,136,6.42278,12556084613
78.4498,12747,33.4568,98,75,66,2350,1000,3.50139,135,6.41735,12656141129
71.5615,13974,33.4568,98,75,66,2350,1000,3.50139,135,6.41735,12756197335
79.694,12548,33.4568,98,75,66,2350,1000,3.50139,135,6.41735,12856254152
76.2544,13114,33.4568,98,75,66,2350,1000,3.50139,135,6.41735,12956310918
78.0092,12819,33.4568,98,75,66,2350,1000,3.50139,135,6.41735,13056369414
82.0749,12184,36.2843,98,76,67,2349,1000,3.53938,135,6.42098,13156426380
78.703,12706,36.2843,98,76,67,2349,1000,3.53938,135,6.42098,13256486337
84.2673,11867,36.2843,98,76,67,2349,1000,3.53938,135,6.42098,13356543653
30.5334,32751,36.2843,98,76,67,2349,1000,3.53938,135,6.42098,13456599769
93.1532,10735,36.2843,98,76,67,2349,1000,3.53938,135,6.42098,13556657105
84.1609,11882,24.9057,96,75,67,2332,1000,3.55168,135,6.41982,13656715502
65.5609,15253,24.9057,96,75,67,2332,1000,3.55168,135,6.41982,13756772758
82.6993,12092,24.9057,96,75,67,2332,1000,3.55168,135,6.41982,13856829144
88.4643,11304,24.9057,96,75,67,2332,1000,3.55168,135,6.41982,13956885640
83.3681,11995,24.9057,96,75,67,2332,1000,3.55168,135,6.41982,14056945957
79.7512,12539,24.42,97,75,67,2336,1000,3.57315,134,6.40966,14157001633
36.899,27101,24.42,97,75,67,2336,1000,3.57315,134,6.40966,14257060349
81.8398,12219,24.42,97,75,67,2336,1000,3.57315,134,6.40966,14357139995
85.6164,11680,24.42,97,75,67,2336,1000,3.57315,134,6.40966,14457197282
74.8335,13363,24.42,97,75,67,2336,1000,3.57315,134,6.40966,14557253958
82.7061,12091,36.2854,98,75,67,2347,1000,3.55984,134,6.41049,14657312924
60.4778,16535,36.2854,98,75,67,2347,1000,3.55984,134,6.41049,14757370560
79.2142,12624,36.2854,98,75,67,2347,1000,3.55984,134,6.41049,14857426737
81.0176,12343,36.2854,98,75,67,2347,1000,3.55984,134,6.41049,14957482953
91.6086,10916,36.2854,98,75,67,2347,1000,3.55984,134,6.41049,15057539959
71.3776,14010,30.0613,95,75,67,2260,1000,3.67509,132,6.40924,15157596785
98.2704,10176,30.0613,95,75,67,2260,1000,3.67509,132,6.40924,15257654961
77.3156,12934,30.0613,95,75,67,2260,1000,3.67509,132,6.40924,15357711998
73.1904,13663,30.0613,95,75,67,2260,1000,3.67509,132,6.40924,15457768174
67.39,14839,30.0613,95,75,67,2260,1000,3.67509,132,6.40924,15557825090
79.9105,12514,33.5396,97,75,67,2339,1000,3.77032,133,6.41257,15657881656
78.6473,12715,33.5396,97,75,67,2339,1000,3.77032,133,6.41257,15757938663
113.986,8773,33.5396,97,75,67,2339,1000,3.77032,133,6.41257,15857995759
75.4262,13258,33.5396,97,75,67,2339,1000,3.77032,133,6.41257,15958057855
80.4958,12423,33.5396,97,75,67,2339,1000,3.77032,133,6.41257,16058081341
78.6287,12718,31.9497,97,74,67,2315,1000,3.8196,133,6.41353,16158138888
74.8559,13359,31.9497,97,74,67,2315,1000,3.8196,133,6.41353,16258195084
74.5101,13421,31.9497,97,74,67,2315,1000,3.8196,133,6.41353,16358251710
74.4768,13427,31.9497,97,74,67,2315,1000,3.8196,133,6.41353,16458308986
84.9546,11771,31.9497,97,74,67,2315,1000,3.8196,133,6.41353,16558366023
74.7999,13369,19.0418,98,74,67,2345,1000,3.82296,132,6.41146,16658423529
74.4879,13425,19.0418,98,74,67,2345,1000,3.82296,132,6.41146,16758481085
87.7347,11398,19.0418,98,74,67,2345,1000,3.82296,132,6.41146,16858537891
69.2281,14445,19.0418,98,74,67,2345,1000,3.82296,132,6.41146,16958594798
71.1946,14046,19.0418,98,74,67,2345,1000,3.82296,132,6.41146,17058653064
201.694,4958,33.7379,97,74,67,2326,1000,3.8166,132,6.41455,17158710680
80.5023,12422,33.7379,97,74,67,2326,1000,3.8166,132,6.41455,17258769866
76.9231,13000,33.7379,97,74,67,2326,1000,3.8166,132,6.41455,17358827433
74.5379,13416,33.7379,97,74,67,2326,1000,3.8166,132,6.41455,17458883519
72.1917,13852,33.7379,97,74,67,2326,1000,3.8166,132,6.41455,17558955965
56.5643,17679,20.0247,97,74,67,2295,1000,3.8249,132,6.41458,17659017571
78.2228,12784,20.0247,97,74,67,2295,1000,3.8249,132,6.41458,17759073928
77.1724,12958,20.0247,97,74,67,2295,1000,3.8249,132,6.41458,17859132464
72.5637,13781,20.0247,97,74,67,2295,1000,3.8249,132,6.41458,17959191260
61.3158,16309,20.0247,97,74,67,2295,1000,3.8249,132,6.41458,18059247766
74.0357,13507,38.7531,99,74,67,2351,1000,3.81773,133,6.41498,18159304402
72.6058,13773,38.7531,99,74,67,2351,1000,3.81773,133,6.41498,18259362249
73.0567,13688,38.7531,99,74,67,2351,1000,3.81773,133,6.41498,18359418235
74.5545,13413,38.7531,99,74,67,2351,1000,3.81773,133,6.41498,18459475831
73.73,13563,38.7531,99,74,67,2351,1000,3.81773,133,6.41498,18559532307
74.2501,13468,5.4321,98,73,67,2350,1000,3.81079,132,6.4115,18659589224
83.3611,11996,5.4321,98,73,67,2350,1000,3.81079,132,6.4115,18759646400
73.888,13534,5.4321,98,73,67,2350,1000,3.81079,132,6.4115,18859703796
75.523,13241,5.4321,98,73,67,2350,1000,3.81079,132,6.4115,18959761022
75.7805,13196,5.4321,98,73,67,2350,1000,3.81079,132,6.4115,19059818349
76.5404,13065,4.41176,99,72,67,2353,1000,3.74201,132,6.4115,19159875715
78.6906,12708,4.41176,99,72,67,2353,1000,3.74201,132,6.4115,19259933411
94.5805,10573,4.41176,99,72,67,2353,1000,3.74201,132,6.4115,19359993997
76.2486,13115,4.41176,99,72,67,2353,1000,3.74201,132,6.4115,19460052234
74.9625,13340,4.41176,99,72,67,2353,1000,3.74201,132,6.4115,19560111330
81.9605,12201,4.41176,99,72,67,2353,1000,3.74201,132,6.4115,19660169286
75.1484,13307,4.57355,99,70,67,2353,1000,3.76199,131,6.4115,19760229752
84.8033,11792,4.57355,99,70,67,2353,1000,3.76199,131,6.4115,19860292849
81.9807,12198,4.57355,99,70,67,2353,1000,3.76199,131,6.4115,19960351715
80.7037,12391,4.57355,99,70,67,2353,1000,3.76199,131,6.4115,20060410221
78.9453,12667,4.57355,99,70,67,2353,1000,3.76199,131,6.4115,20160468187
88.8336,11257,4.09429,99,69,67,2357,1000,3.78002,132,6.40955,20260526164
105.141,9511,4.09429,99,69,67,2357,1000,3.78002,132,6.40955,20360588500
76.7578,13028,4.09429,99,69,67,2357,1000,3.78002,132,6.40955,20460650396
81.4996,12270,4.09429,99,69,67,2357,1000,3.78002,132,6.40955,20560709012
86.7002,11534,4.09429,99,69,67,2357,1000,3.78002,132,6.40955,20660769059
80.2375,12463,4.01003,99,67,67,2356,1000,3.74396,132,6.41101,20760826625
82.2978,12151,4.01003,99,67,67,2356,1000,3.74396,132,6.41101,20860884351
87.5733,11419,4.01003,99,67,67,2356,1000,3.74396,132,6.41101,20960946467
82.5355,12116,4.01003,99,67,67,2356,1000,3.74396,132,6.41101,21061006033
84.631,11816,4.01003,99,67,67,2356,1000,3.74396,132,6.41101,21161064320
80.5023,12422,3.87985,99,66,67,2354,1000,3.77893,132,6.41125,21261122476
62.9445,15887,3.87985,99,66,67,2354,1000,3.77893,132,6.41125,21361180852
63.5082,15746,3.87985,99,66,67,2354,1000,3.77893,132,6.41125,21461238388
57.6236,17354,3.87985,99,66,67,2354,1000,3.77893,132,6.41125,21561296605
61.1434,16355,3.87985,99,66,67,2354,1000,3.77893,132,6.41125,21661356811
73.9262,13527,8.86699,99,65,67,2358,1000,3.79728,133,6.41389,21761415667
66.5425,15028,8.86699,99,65,67,2358,1000,3.79728,133,6.41389,21861474503
64.6412,15470,8.86699,99,65,67,2358,1000,3.79728,133,6.41389,21961533040
67.4491,14826,8.86699,99,65,67,2358,1000,3.79728,133,6.41389,22061590836
67.9579,14715,8.86699,99,65,67,2358,1000,3.79728,133,6.41389,22161648562
62.901,15898,4.03023,99,64,68,2358,1000,3.79728,135,6.41389,22261708218
66.2383,15097,4.03023,99,64,68,2358,1000,3.79728,135,6.41389,22361766885
69.483,14392,4.03023,99,64,68,2358,1000,3.79728,135,6.41389,22461825681
83.9208,11916,4.03023,99,64,68,2358,1000,3.79728,135,6.41389,22561883787
79.5229,12575,4.03023,99,64,68,2358,1000,3.79728,135,6.41389,22661941203
81.0964,12331,4.73815,99,63,67,2358,1000,3.74438,136,6.41389,22761999270
80.8473,12369,4.73815,99,63,67,2358,1000,3.74438,136,6.41389,22862056176
78.9515,12666,4.73815,99,63,67,2358,1000,3.74438,136,6.41389,22962113462
82.631,12102,4.73815,99,63,67,2358,1000,3.74438,136,6.41389,23062171428
82.0075,12194,4.73815,99,63,67,2358,1000,3.74438,136,6.41389,23162228925
80.7559,12383,3.65239,99,62,67,2348,1000,3.76436,132,6.41413,23262286631
76.1035,13140,3.65239,99,62,67,2348,1000,3.76436,132,6.41413,23362345667
77.4114,12918,3.65239,99,62,67,2348,1000,3.76436,132,6.41413,23462408103
75.6258,13223,3.65239,99,62,67,2348,1000,3.76436,132,6.41413,23562465460
74.3882,13443,3.65239,99,62,67,2348,1000,3.76436,132,6.41413,23662525726
73.416,13621,6.53514,99,61,67,2347,1000,3.78402,131,6.41413,23762584632
75.4774,13249,6.53514,99,61,67,2347,1000,3.78402,131,6.41413,23862642698
75.3182,13277,6.53514,99,61,67,2347,1000,3.78402,131,6.41413,23962699714
87.727,11399,6.53514,99,61,67,2347,1000,3.78402,131,6.41413,24062757641
74.2887,13461,6.53514,99,61,67,2347,1000,3.78402,131,6.41413,24162815167
80.0641,12490,4.5679,99,60,68,2346,1000,3.78402,132,6.41437,24262874983
76.5931,13056,4.5679,99,60,68,2346,1000,3.78402,132,6.41437,24362932949
75.815,13190,4.5679,99,60,68,2346,1000,3.78402,132,6.41437,24462990976
77.0594,12977,4.5679,99,60,68,2346,1000,3.78402,132,6.41437,24563051932
74.912,13349,4.5679,99,60,68,2346,1000,3.78402,132,6.41437,24663110018
81.0767,12334,3.44828,99,59,67,2342,1000,3.75398,132,6.41461,24763166974
77.2678,12942,3.44828,99,59,67,2342,1000,3.75398,132,6.41461,24863228831
74.7719,13374,3.44828,99,59,67,2342,1000,3.75398,132,6.41461,24963286647
77.5074,12902,3.44828,99,59,67,2342,1000,3.75398,132,6.41461,25063344423
74.5101,13421,3.44828,99,59,67,2342,1000,3.75398,132,6.41461,25163404609
76.693,13039,3.33333,99,58,67,2341,1000,3.74605,132,6.41368,25263462276
76.5931,13056,3.33333,99,58,67,2341,1000,3.74605,132,6.41368,25363519762
78.8706,12679,3.33333,99,58,67,2341,1000,3.74605,132,6.41368,25463579688
83.949,11912,3.33333,99,58,67,2341,1000,3.74605,132,6.41368,25563637984
78.7216,12703,3.33333,99,58,67,2341,1000,3.74605,132,6.41368,25663694541
78.6473,12715,4.19753,99,57,67,2344,1000,3.74605,132,6.41365,25763756447
81.4266,12281,4.19753,99,57,67,2344,1000,3.74605,132,6.41365,25863814853
82.8089,12076,4.19753,99,57,67,2344,1000,3.74605,132,6.41365,25963874199
83.0565,12040,4.19753,99,57,67,2344,1000,3.74605,132,6.41365,26063937426
83.0496,12041,4.19753,99,57,67,2344,1000,3.74605,132,6.41365,26163995342
79.4976,12579,3.46535,99,56,68,2347,1000,3.74605,131,6.41388,26264052848
82.3791,12139,3.46535,99,56,68,2347,1000,3.74605,131,6.41388,26364111334
83.257,12011,3.46535,99,56,68,2347,1000,3.74605,131,6.41388,26464173311
83.4237,11987,3.46535,99,56,68,2347,1000,3.74605,131,6.41388,26564231467
81.6793,12243,3.46535,99,56,68,2347,1000,3.74605,131,6.41388,26664289493
84.5237,11831,4.21314,99,55,68,2348,1000,3.74605,131,6.41364,26764347069
82.5219,12118,4.21314,99,55,68,2348,1000,3.74605,131,6.41364,26864409025
82.0749,12184,4.21314,99,55,68,2348,1000,3.74605,131,6.41364,26964466932
83.2224,12016,4.21314,99,55,68,2348,1000,3.74605,131,6.41364,27064524788
83.4098,11989,4.21314,99,55,68,2348,1000,3.74605,131,6.41364,27164582254
81.3537,12292,3.57143,99,54,67,2348,1000,3.7441,131,6.41364,27264646240
82.5968,12107,3.57143,99,54,67,2348,1000,3.7441,131,6.41364,27364705157
83.2362,12014,3.57143,99,54,67,2348,1000,3.7441,131,6.41364,27464763323
82.3927,12137,3.57143,99,54,67,2348,1000,3.7441,131,6.41364,27564821459
82.9394,12057,3.57143,99,54,67,2348,1000,3.7441,131,6.41364,27664884445
74.3992,13441,6.25,99,53,68,2348,1000,3.7441,131,6.41385,27764895502
82.905,12062,6.25,99,53,68,2348,1000,3.7441,131,6.41385,27864951598
83.0358,12043,6.25,99,53,68,2348,1000,3.7441,131,6.41385,27965008454
84.6668,11811,6.25,99,53,68,2348,1000,3.7441,131,6.41385,28065068420
73.47,13611,6.25,99,53,68,2348,1000,3.7441,131,6.41385,28165125737
70.4622,14192,6.25,99,53,68,2348,1000,3.7441,131,6.41385,28265182983
66.1551,15116,4.82673,98,53,68,2347,1000,3.7441,131,6.41457,28365239579
65.3381,15305,4.82673,98,53,68,2347,1000,3.7441,131,6.41457,28465296345
79.1202,12639,4.82673,98,53,68,2347,1000,3.7441,131,6.41457,28565352712
69.185,14454,4.82673,98,53,68,2347,1000,3.7441,131,6.41457,28665409098
61.7246,16201,4.82673,98,53,68,2347,1000,3.7441,131,6.41457,28765465894
60.0312,16658,4.34243,99,52,68,2348,1000,3.7441,131,6.41481,28865521800
75.5744,13232,4.34243,99,52,68,2348,1000,3.7441,131,6.41481,28965590087
75.2729,13285,4.34243,99,52,68,2348,1000,3.7441,131,6.41481,29065648493
67.9025,14727,4.34243,99,52,68,2348,1000,3.7441,131,6.41481,29165705829
68.1013,14684,4.34243,99,52,68,2348,1000,3.7441,131,6.41481,29265762935
63.0636,15857,3.58911,99,51,68,2348,1000,3.7441,134,6.41481,29365819222
64.5786,15485,3.58911,99,51,68,2348,1000,3.7441,134,6.41481,29465876138
61.7627,16191,3.58911,99,51,68,2348,1000,3.7441,134,6.41481,29565933304
63.8244,15668,3.58911,99,51,68,2348,1000,3.7441,134,6.41481,29665990510
70.2001,14245,3.58911,99,51,68,2348,1000,3.7441,134,6.41481,29766047956
67.7553,14759,3.61146,99,51,67,2347,1000,3.74686,135,6.41553,29866105143
65.9892,15154,3.61146,99,51,67,2347,1000,3.74686,135,6.41553,29966162329
74.4491,13432,3.61146,99,51,67,2347,1000,3.74686,135,6.41553,30066235215
68.9275,14508,3.61146,99,51,67,2347,1000,3.74686,135,6.41553,30166303131
77.0357,12981,3.61146,99,51,67,2347,1000,3.74686,135,6.41553,30266375348
82.8638,12068,4.29448,99,50,68,2349,1000,3.74424,135,6.41528,30366447394
81.0045,12345,4.29448,99,50,68,2349,1000,3.74424,135,6.41528,30466506590
84.8392,11787,4.29448,99,50,68,2349,1000,3.74424,135,6.41528,30566563636
72.7273,13750,4.29448,99,50,68,2349,1000,3.74424,135,6.41528,30666620393
74.8223,13365,4.29448,99,50,68,2349,1000,3.74424,135,6.41528,30766677919
80.4052,12437,3.20197,99,49,68,2348,1000,3.7462,134,6.41528,30866750155
80.9651,12351,3.20197,99,49,68,2348,1000,3.7462,134,6.41528,30966822541
78.8581,12681,3.20197,99,49,68,2348,1000,3.7462,134,6.41528,31066879868
71.9735,13894,3.20197,99,49,68,2348,1000,3.7462,134,6.41528,31166952004
77.9484,12829,3.20197,99,49,68,2348,1000,3.7462,134,6.41528,31267025210
68.7474,14546,4.06905,99,49,68,2342,1000,3.7462,131,6.41528,31367082456
70.9019,14104,4.06905,99,49,68,2342,1000,3.7462,131,6.41528,31467139603
66.5557,15025,4.06905,99,49,68,2342,1000,3.7462,131,6.41528,31567198239
76.0456,13150,4.06905,99,49,68,2342,1000,3.7462,131,6.41528,31667256375
66.9254,14942,4.06905,99,49,68,2342,1000,3.7462,131,6.41528,31767314101
73.2172,13658,7.87208,99,49,68,2340,1000,3.78316,131,6.41624,31867368668
67.2269,14875,7.87208,99,49,68,2340,1000,3.78316,131,6.41624,31967424054
73.8825,13535,7.87208,99,49,68,2340,1000,3.78316,131,6.41624,32067479480
63.4921,15750,7.87208,99,49,68,2340,1000,3.78316,131,6.41624,32167535646
68.1849,14666,7.87208,99,49,68,2340,1000,3.78316,131,6.41624,32267592473
70.6115,14162,6.25,99,51,68,2340,1000,3.74623,132,6.40375,32367649949
72.3903,13814,6.25,99,51,68,2340,1000,3.74623,132,6.40375,32467707185
82.8912,12064,6.25,99,51,68,2340,1000,3.74623,132,6.40375,32567765021
69.9594,14294,6.25,99,51,68,2340,1000,3.74623,132,6.40375,32667822797
73.185,13664,6.25,99,51,68,2340,1000,3.74623,132,6.40375,32767880224
80.1667,12474,4.33705,99,50,68,2341,1000,3.74623,132,6.40282,32867935980
68.334,14634,4.33705,99,50,68,2341,1000,3.74623,132,6.40282,32967993496
72.9129,13715,4.33705,99,50,68,2341,1000,3.74623,132,6.40282,33068050712
72.5847,13777,4.33705,99,50,68,2341,1000,3.74623,132,6.40282,33168107979
67.9902,14708,4.33705,99,50,68,2341,1000,3.74623,132,6.40282,33268165185
77.0179,12984,3.61146,99,50,68,2340,1000,3.74598,132,6.4057,33368197881
68.918,14510,3.61146,99,50,68,2340,1000,3.74598,132,6.4057,33468255697
75.6029,13227,3.61146,99,50,68,2340,1000,3.74598,132,6.4057,33568303754
67.8472,14739,3.61146,99,50,68,2340,1000,3.74598,132,6.4057,33668361330
74.0302,13508,3.61146,99,50,68,2340,1000,3.74598,132,6.4057,33768418996
66.6267,15009,3.58911,98,49,68,2336,1000,3.75499,131,6.40593,33868477282
72.2126,13848,3.58911,98,49,68,2336,1000,3.75499,131,6.40593,33968533939
69.4637,14396,3.58911,98,49,68,2336,1000,3.75499,131,6.40593,34068590735
72.5847,13777,3.58911,98,49,68,2336,1000,3.75499,131,6.40593,34168647371
68.7805,14539,3.58911,98,49,68,2336,1000,3.75499,131,6.40593,34268704187
78.6225,12719,3.82716,99,49,68,2332,1000,3.74424,131,6.40469,34368760724
79.4723,12583,3.82716,99,49,68,2332,1000,3.74424,131,6.40469,34468816800
80.5997,12407,3.82716,99,49,68,2332,1000,3.74424,131,6.40469,34568868446
81.4996,12270,3.82716,99,49,68,2332,1000,3.74424,131,6.40469,34668925532
82.6583,12098,3.82716,99,49,68,2332,1000,3.74424,131,6.40469,34769000319
79.3966,12595,3.87985,99,48,68,2340,1000,3.74424,130,6.40493,34869074005
80.1475,12477,3.87985,99,48,68,2340,1000,3.74424,130,6.40493,34969142091
72.7696,13742,3.87985,99,48,68,2340,1000,3.74424,130,6.40493,35069198957
75.5687,13233,3.87985,99,48,68,2340,1000,3.74424,130,6.40493,35169267754
72.1605,13858,3.87985,99,48,68,2340,1000,3.74424,130,6.40493,35269324930
72.338,13824,2.72277,99,48,67,2340,1000,3.74424,130,6.39988,35369382116
72.7326,13749,2.72277,99,48,67,2340,1000,3.74424,130,6.39988,35469439232
73.4107,13622,2.72277,99,48,67,2340,1000,3.74424,130,6.39988,35569496428
82.2571,12157,2.72277,99,48,67,2340,1000,3.74424,130,6.39988,35669553995
78.4991,12739,2.72277,99,48,67,2340,1000,3.74424,130,6.39988,35769611431
81.42,12282,2.48139,99,47,68,2343,1000,3.74229,130,6.39988,35869669757
78.7526,12698,2.48139,99,47,68,2343,1000,3.74229,130,6.39988,35969726633
81.9202,12207,2.48139,99,47,68,2343,1000,3.74229,130,6.39988,36069784160
81.3603,12291,2.48139,99,47,68,2343,1000,3.74229,130,6.39988,36169841236
72.5216,13789,2.48139,99,47,68,2343,1000,3.74229,130,6.39988,36269897692
72.7696,13742,3.31695,99,47,68,2342,1000,3.74424,130,6.39988,36369954508
74.3605,13448,3.31695,99,47,68,2342,1000,3.74424,130,6.39988,36470012265
73.6323,13581,3.31695,99,47,68,2342,1000,3.74424,130,6.39988,36570069471
66.2954,15084,3.31695,99,47,68,2342,1000,3.74424,130,6.39988,36670126537
64.288,15555,3.31695,99,47,68,2342,1000,3.74424,130,6.39988,36770183753
73.3837,13627,3.31695,99,47,68,2342,1000,3.74424,130,6.39988,36870240530
71.2454,14036,3.48692,99,46,68,2341,1000,3.74424,130,6.40184,36970296846
84.1397,11885,3.48692,99,46,68,2341,1000,3.74424,130,6.40184,37070354802
67.5493,14804,3.48692,99,46,68,2341,1000,3.74424,130,6.40184,37170411998
73.4538,13614,3.48692,99,46,68,2341,1000,3.74424,130,6.40184,37270468495
66.4319,15053,3.48692,99,46,68,2341,1000,3.74424,130,6.40184,37370525701
67.331,14852,3.46535,99,46,68,2343,1000,3.74424,130,6.40232,37470582367
73.5619,13594,3.46535,99,46,68,2343,1000,3.74424,130,6.40232,37570640063
66.9254,14942,3.46535,99,46,68,2343,1000,3.74424,130,6.40232,37670678960
65.3979,15291,3.46535,99,46,68,2343,1000,3.74424,130,6.40232,37770736546
74.4324,13435,3.46535,99,46,68,2343,1000,3.74424,130,6.40232,37870798752
68.0226,14701,3.86052,99,45,68,2339,1000,3.74793,130,6.40568,37970856338
74.3992,13441,3.86052,99,45,68,2339,1000,3.74793,130,6.40568,38070918235
66.9523,14936,3.86052,99,45,68,2339,1000,3.74793,130,6.40568,38170976181
72.6111,13772,3.86052,99,45,68,2339,1000,3.74793,130,6.40568,38271033867
68.3153,14638,3.86052,99,45,68,2339,1000,3.74793,130,6.40568,38371092123
74.5935,13406,2.97767,99,45,68,2338,1000,3.74793,130,6.40592,38471149349
70.4126,14202,2.97767,99,45,68,2338,1000,3.74793,130,6.40592,38571206686
70.7614,14132,2.97767,99,45,68,2338,1000,3.74793,130,6.40592,38671263822
77.1784,12957,2.97767,99,45,68,2338,1000,3.74793,130,6.40592,38771324268
70.3334,14218,2.97767,99,45,68,2338,1000,3.74793,130,6.40592,38871381844
70.3284,14219,2.8536,99,44,68,2331,1000,3.74424,129,6.40469,38971439051
70.2099,14243,2.8536,99,44,68,2331,1000,3.74424,129,6.40469,39071497107
78.284,12774,2.8536,99,44,68,2331,1000,3.74424,129,6.40469,39171558323
70.3235,14220,2.8536,99,44,68,2331,1000,3.74424,129,6.40469,39271616229
70.5219,14180,2.8536,99,44,68,2331,1000,3.74424,129,6.40469,39371673526
70.6464,14155,3.11721,99,44,68,2350,1000,3.74424,130,6.40469,39471714102
77.4353,12914,3.11721,99,44,68,2350,1000,3.74424,130,6.40469,39571774298
69.2425,14442,3.11721,99,44,68,2350,1000,3.74424,130,6.40469,39671831354
70.1016,14265,3.11721,99,44,68,2350,1000,3.74424,130,6.40469,39771888221
69.847,14317,3.11721,99,44,68,2350,1000,3.74424,130,6.40469,39871945507
77.3395,12930,2.86783,99,43,68,2341,1000,3.74424,130,6.40493,39972007513
69.6621,14355,2.86783,99,43,68,2341,1000,3.74424,130,6.40493,40072064759
69.541,14380,2.86783,99,43,68,2341,1000,3.74424,130,6.40493,40172122106
77.1784,12957,2.86783,99,43,68,2341,1000,3.74424,130,6.40493,40272183732
70.5467,14175,2.86783,99,43,68,2341,1000,3.74424,130,6.40493,40372241608
70.0035,14285,3.44828,99,43,67,2342,1000,3.74424,130,6.40493,40472298954
77.1665,12959,3.44828,99,43,67,2342,1000,3.74424,130,6.40493,40572359061
69.9545,14295,3.44828,99,43,67,2342,1000,3.74424,130,6.40493,40672416837
69.9545,14295,3.44828,99,43,67,2342,1000,3.74424,130,6.40493,40772474653
69.6816,14351,3.44828,99,43,67,2342,1000,3.74424,130,6.40493,40872531909
77.0535,12978,2.72953,99,43,68,2343,1000,3.74424,130,6.39945,40972589266
70.0329,14279,2.72953,99,43,68,2343,1000,3.74424,130,6.39945,41072647192
69.5991,14368,2.72953,99,43,68,2343,1000,3.74424,130,6.39945,41172705218
77.3754,12924,2.72953,99,43,68,2343,1000,3.74424,130,6.39945,41272762684
69.8519,14316,2.72953,99,43,68,2343,1000,3.74424,130,6.39945,41372820640
71.0783,14069,3.57143,99,42,68,2342,1000,3.74424,130,6.39994,41472878437
77.4533,12911,3.57143,99,42,68,2342,1000,3.74424,130,6.39994,41572935953
72.6903,13757,3.57143,99,42,68,2342,1000,3.74424,130,6.39994,41672993199
72.1553,13859,3.57143,99,42,68,2342,1000,3.74424,130,6.39994,41773051175
70.4573,14193,3.57143,99,42,68,2342,1000,3.74424,130,6.39994,41873109232
62.1118,16100,3.46106,99,42,68,2341,1000,3.74424,129,6.40213,41973169268
64.222,15571,3.46106,99,42,68,2341,1000,3.74424,129,6.40213,42073226194
76.8876,13006,3.46106,99,42,68,2341,1000,3.74424,129,6.40213,42173285000
66.2998,15083,3.46106,99,42,68,2341,1000,3.74424,129,6.40213,42273342107
78.2105,12786,3.46106,99,42,68,2341,1000,3.74424,129,6.40213,42373401163
63.0955,15849,3.57583,99,42,68,2348,1000,3.74424,132,6.40237,42473458199
66.9703,14932,3.57583,99,42,68,2348,1000,3.74424,132,6.40237,42573517975
68.4182,14616,3.57583,99,42,68,2348,1000,3.74424,132,6.40237,42673578402
61.512,16257,3.57583,99,42,68,2348,1000,3.74424,132,6.40237,42773635708
71.0631,14072,3.57583,99,42,68,2348,1000,3.74424,132,6.40237,42873693014
72.812,13734,4.11471,99,41,68,2347,1000,3.74229,134,6.40285,42973754060
70.5418,14176,4.11471,99,41,68,2347,1000,3.74229,134,6.40285,43073811327
70.7664,14131,4.11471,99,41,68,2347,1000,3.74229,134,6.40285,43173868573
70.5716,14170,4.11471,99,41,68,2347,1000,3.74229,134,6.40285,43273925999
73.4268,13619,4.11471,99,41,68,2347,1000,3.74229,134,6.40285,43373983865
78.3392,12765,2.9484,99,41,68,2344,1000,3.74229,131,6.40309,43474046242
70.9522,14094,2.9484,99,41,68,2344,1000,3.74229,131,6.40309,43574104258
71.4235,14001,2.9484,99,41,68,2344,1000,3.74229,131,6.40309,43674161584
76.6342,13049,2.9484,99,41,68,2344,1000,3.74229,131,6.40309,43774217930
70.4523,14194,2.9484,99,41,68,2344,1000,3.74229,131,6.40309,43874276247
68.2967,14642,2.9484,99,41,68,2344,1000,3.74229,131,6.40309,43974338693
80.4958,12423,4.41176,99,42,68,2341,1000,3.74424,130,6.40357,44074398659
70.028,14280,4.41176,99,42,68,2341,1000,3.74424,130,6.40357,44174457095
74.1785,13481,4.41176,99,42,68,2341,1000,3.74424,130,6.40357,44274513791
68.5119,14596,4.41176,99,42,68,2341,1000,3.74424,130,6.40357,44374570998
77.6518,12878,4.41176,99,42,68,2341,1000,3.74424,130,6.40357,44474628134
69.2473,14441,5.66751,98,42,68,2332,1000,3.74424,129,6.40327,44574685830
69.6233,14363,5.66751,98,42,68,2332,1000,3.74424,129,6.40327,44674741536
66.4761,15043,5.66751,98,42,68,2332,1000,3.74424,129,6.40327,44774799273
69.8275,14321,5.66751,98,42,68,2332,1000,3.74424,129,6.40327,44874855569
72.9022,13717,5.66751,98,42,68,2332,1000,3.74424,129,6.40327,44974912285
72.015,13886,2.26131,99,42,68,2334,1000,3.74424,129,6.40303,45074969801
69.6282,14362,2.26131,99,42,68,2334,1000,3.74424,129,6.40303,45175028768
71.5256,13981,2.26131,99,42,68,2334,1000,3.74424,129,6.40303,45275085934
81.2678,12305,2.26131,99,42,68,2334,1000,3.74424,129,6.40303,45375116820
71.0783,14069,2.26131,99,42,68,2334,1000,3.74424,129,6.40303,45475172886
70.9572,14093,3.10559,99,42,68,2332,1000,3.74424,129,6.40326,45575230193
69.3385,14422,3.10559,99,42,68,2332,1000,3.74424,129,6.40326,45675286919
70.4821,14188,3.10559,99,42,68,2332,1000,3.74424,129,6.40326,45775345235
67.7966,14750,3.10559,99,42,68,2332,1000,3.74424,129,6.40326,45875403251
68.7332,14549,3.10559,99,42,68,2332,1000,3.74424,129,6.40326,45975460388
67.981,14710,2.60223,99,42,68,2332,1000,3.74424,130,6.40326,46075517054
67.4354,14829,2.60223,99,42,68,2332,1000,3.74424,130,6.40326,46175573770
70.1607,14253,2.60223,99,42,68,2332,1000,3.74424,130,6.40326,46275630666
68.4135,14617,2.60223,99,42,68,2332,1000,3.74424,130,6.40326,46375688193
65.9761,15157,2.60223,99,42,68,2332,1000,3.74424,130,6.40326,46475745249
68.2734,14647,3.62954,99,42,68,2331,1000,3.74793,130,6.4071,46575804575
67.6682,14778,3.62954,99,42,68,2331,1000,3.74793,130,6.4071,46675861671
71.6127,13964,3.62954,99,42,68,2331,1000,3.74793,130,6.4071,46775920867
67.4218,14832,3.62954,99,42,68,2331,1000,3.74793,130,6.4071,46875978244
69.6088,14366,3.62954,99,42,68,2331,1000,3.74793,130,6.4071,46976035520
69.1133,14469,3.81773,99,42,68,2333,1000,3.74793,130,6.4071,47076096146
68.5918,14579,3.81773,99,42,68,2333,1000,3.74793,130,6.4071,47176153712
71.6127,13964,3.81773,99,42,68,2333,1000,3.74793,130,6.4071,47276211469
69.7691,14333,3.81773,99,42,68,2333,1000,3.74793,130,6.4071,47376271515
69.0894,14474,3.81773,99,42,68,2333,1000,3.74793,130,6.4071,47476329221
76.6049,13054,3.20197,99,42,68,2331,1000,3.74424,130,6.40614,47576388457
68.8231,14530,3.20197,99,42,68,2331,1000,3.74424,130,6.40614,47676445154
67.7828,14753,3.20197,99,42,68,2331,1000,3.74424,130,6.40614,47776501490
84.4309,11844,3.20197,99,42,68,2331,1000,3.74424,130,6.40614,47876556896
71.5154,13983,3.20197,99,42,68,2331,1000,3.74424,130,6.40614,47976613792
71.6692,13953,3.18627,99,41,68,2330,1000,3.74424,130,6.40614,48076671909
72.0981,13870,3.18627,99,41,68,2330,1000,3.74424,130,6.40614,48176728745
87.558,11421,3.18627,99,41,68,2330,1000,3.74424,130,6.40614,48276785411
73.5673,13593,3.18627,99,41,68,2330,1000,3.74424,130,6.40614,48376843917
73.5564,13595,3.18627,99,41,68,2330,1000,3.74424,130,6.40614,48476900634
71.9114,13906,3.58467,99,41,68,2335,1000,3.74424,129,6.40638,48576957220
73.4808,13609,3.58467,99,41,68,2335,1000,3.74424,129,6.40638,48677013696
76.2893,13108,3.58467,99,41,68,2335,1000,3.74424,129,6.40638,48777074632
91.7768,10896,3.58467,99,41,68,2335,1000,3.74424,129,6.40638,48877132189
72.9607,13706,3.58467,99,41,68,2335,1000,3.74424,129,6.40638,48977189725
73.1904,13663,3.34988,99,41,68,2335,1000,3.74424,129,6.40734,49077247181
71.9476,13899,3.34988,99,41,68,2335,1000,3.74424,129,6.40734,49177303627
63.3152,15794,3.34988,99,41,68,2335,1000,3.74424,129,6.40734,49277360424
53.0786,18840,3.34988,99,41,68,2335,1000,3.74424,129,6.40734,49377418880
60.0601,16650,3.34988,99,41,68,2335,1000,3.74424,129,6.40734,49477476176
60.154,16624,3.93604,99,41,68,2341,1000,3.74229,131,6.40441,49577537312
63.7105,15696,3.93604,99,41,68,2341,1000,3.74229,131,6.40441,49677595588
67.6498,14782,3.93604,99,41,68,2341,1000,3.74229,131,6.40441,49777658545
61.1098,16364,3.93604,99,41,68,2341,1000,3.74229,131,6.40441,49877716381
65.9892,15154,3.93604,99,41,68,2341,1000,3.74229,131,6.40441,49977775177
62.1234,16097,3.62047,99,41,68,2341,1000,3.74229,131,6.40441,50077835583
52.3917,19087,3.62047,99,41,68,2341,1000,3.74229,131,6.40441,50177895610
55.417,18045,3.62047,99,41,68,2341,1000,3.74229,131,6.40441,50277958406
72.7537,13745,3.62047,99,41,68,2341,1000,3.74229,131,6.40441,50378016712
71.3419,14017,3.62047,99,41,68,2341,1000,3.74229,131,6.40441,50478074328
71.1389,14057,3.83663,99,41,68,2342,1000,3.74424,133,6.40441,50578132945
71.8339,13921,3.83663,99,41,68,2342,1000,3.74424,133,6.40441,50678189281
69.9398,14298,3.83663,99,41,68,2342,1000,3.74424,133,6.40441,50778247197
69.604,14367,3.83663,99,41,68,2342,1000,3.74424,133,6.40441,50878308163
70.6814,14148,3.83663,99,41,68,2342,1000,3.74424,133,6.40441,50978365540
69.3097,14428,3.04507,99,41,68,2343,1000,3.74424,132,6.40441,51078423636
70.6364,14157,3.04507,99,41,68,2343,1000,3.74424,132,6.40441,51178481302
81.0176,12343,3.04507,99,41,68,2343,1000,3.74424,132,6.40441,51278526408
68.4275,14614,3.04507,99,41,68,2343,1000,3.74424,132,6.40441,51378587325
72.7114,13753,3.04507,99,41,68,2343,1000,3.74424,132,6.40441,51478648441
71.1187,14061,3.04507,99,41,68,2343,1000,3.74424,132,6.40441,51578704887
71.6538,13956,3.6855,99,41,68,2330,1000,3.74424,128,6.4066,51678762353
72.3851,13815,3.6855,99,41,68,2330,1000,3.74424,128,6.4066,51778820020
72.5742,13779,3.6855,99,41,68,2330,1000,3.74424,128,6.4066,51878876796
69.3963,14410,3.6855,99,41,68,2330,1000,3.74424,128,6.4066,51978933372
85.063,11756,3.6855,99,41,68,2330,1000,3.74424,128,6.4066,52078990788
87.512,11427,3.46106,99,40,68,2333,1000,3.74424,129,6.40636,52179048985
75.4091,13261,3.46106,99,40,68,2333,1000,3.74424,129,6.40636,52279110461
71.2504,14035,3.46106,99,40,68,2333,1000,3.74424,129,6.40636,52379170077
71.3369,14018,3.46106,99,40,68,2333,1000,3.74424,129,6.40636,52479227463
73.3783,13628,3.46106,99,40,68,2333,1000,3.74424,129,6.40636,52579284629
71.0379,14077,3.9312,99,40,68,2334,1000,3.74424,129,6.4066,52679342226
87.5887,11417,3.9312,99,40,68,2334,1000,3.74424,129,6.4066,52779399212
90.0658,11103,3.9312,99,40,68,2334,1000,3.74424,129,6.4066,52879455658
87.1764,11471,3.9312,99,40,68,2334,1000,3.74424,129,6.4066,52979513784
90.7523,11019,3.9312,99,40,68,2334,1000,3.74424,129,6.4066,53079571321
71.6538,13956,4.05904,99,40,68,2332,1000,3.74424,129,6.4066,53179631527
75.6716,13215,4.05904,99,40,68,2332,1000,3.74424,129,6.4066,53279691723
71.3878,14008,4.05904,99,40,68,2332,1000,3.74424,129,6.4066,53379750149
71.5922,13968,4.05904,99,40,68,2332,1000,3.74424,129,6.4066,53479808096
81.4531,12277,4.05904,99,40,68,2332,1000,3.74424,129,6.4066,53579865762
67.6315,14786,5.57621,99,41,68,2333,1000,3.74424,129,6.40465,53679922008
85.4847,11698,5.57621,99,41,68,2333,1000,3.74424,129,6.40465,53779981134
65.4793,15272,5.57621,99,41,68,2333,1000,3.74424,129,6.40465,53880038611
65.5824,15248,5.57621,99,41,68,2333,1000,3.74424,129,6.40465,53980099657
81.9874,12197,5.57621,99,41,68,2333,1000,3.74424,129,6.40465,54080155833
66.6756,14998,3.40219,99,41,68,2326,1000,3.74424,128,6.40538,54180212859
78.8643,12680,3.40219,99,41,68,2326,1000,3.74424,128,6.40538,54280268546
69.3289,14424,3.40219,99,41,68,2326,1000,3.74424,128,6.40538,54380324572
67.2088,14879,3.40219,99,41,68,2326,1000,3.74424,128,6.40538,54480381038
80.8931,12362,3.40219,99,41,68,2326,1000,3.74424,128,6.40538,54580436024
69.701,14347,3.61146,99,41,68,2332,1000,3.74424,128,6.40465,54680492941
70.1951,14246,3.61146,99,41,68,2332,1000,3.74424,128,6.40465,54780549677
88.3861,11314,3.61146,99,41,68,2332,1000,3.74424,128,6.40465,54880605653
90.3587,11067,3.61146,99,41,68,2332,1000,3.74424,128,6.40465,54980662759
87.0474,11488,3.61146,99,41,68,2332,1000,3.74424,128,6.40465,55080674465
71.1744,14050,4.58488,99,41,68,2335,1000,3.74424,129,6.40538,55180732872
70.8617,14112,4.58488,99,41,68,2335,1000,3.74424,129,6.40538,55280789158
69.4348,14402,4.58488,99,41,68,2335,1000,3.74424,129,6.40538,55380845964
79.2707,12615,4.58488,99,41,68,2335,1000,3.74424,129,6.40538,55480902440
89.1583,11216,4.58488,99,41,68,2335,1000,3.74424,129,6.40538,55580959917
71.3572,14014,3.26223,99,41,68,2328,1000,3.74229,129,6.40489,55680992293
73.654,13577,3.26223,99,41,68,2328,1000,3.74229,129,6.40489,55781047649
87.1992,11468,3.26223,99,41,68,2328,1000,3.74229,129,6.40489,55881104715
89.5736,11164,3.26223,99,41,68,2328,1000,3.74229,129,6.40489,55981142022
95.8497,10433,3.26223,99,41,68,2328,1000,3.74229,129,6.40489,56081197888
73.303,13642,2.74314,99,40,68,2328,1000,3.74424,129,6.40489,56181254194
75.1202,13312,2.74314,99,40,68,2328,1000,3.74424,129,6.40489,56281309500
85.9476,11635,2.74314,99,40,68,2328,1000,3.74424,129,6.40489,56381365137
95.0932,10516,2.74314,99,40,68,2328,1000,3.74424,129,6.40489,56481421073
75.1936,13299,2.74314,99,40,68,2328,1000,3.74424,129,6.40489,56581476709
89.4775,11176,2.95931,99,40,68,2332,1000,3.74424,128,6.40489,56681532055
94.9037,10537,2.95931,99,40,68,2332,1000,3.74424,128,6.40489,56781587372
75.1202,13312,2.95931,99,40,68,2332,1000,3.74424,128,6.40489,56881642858
73.0087,13697,2.95931,99,40,68,2332,1000,3.74424,128,6.40489,56981698754
92.1319,10854,2.95931,99,40,68,2332,1000,3.74424,128,6.40489,57081754720
87.7424,11397,2.84653,99,40,68,2341,1000,3.74424,129,6.40489,57181788897
64.5161,15500,2.84653,99,40,68,2341,1000,3.74424,129,6.40489,57281846003
67.8887,14730,2.84653,99,40,68,2341,1000,3.74424,129,6.40489,57381903629
48.0954,20792,2.84653,99,40,68,2341,1000,3.74424,129,6.40489,57481941155
48.1858,20753,2.84653,99,40,68,2341,1000,3.74424,129,6.40489,57581997451
49.2029,20324,3.13283,99,40,69,2339,1000,3.74424,129,6.40283,57682053588
48.7852,20498,3.13283,99,40,69,2339,1000,3.74424,129,6.40283,57782110474
47.6327,20994,3.13283,99,40,69,2339,1000,3.74424,129,6.40283,57882166790
58.7027,17035,3.13283,99,40,69,2339,1000,3.74424,129,6.40283,57982222536
62.818,15919,3.13283,99,40,69,2339,1000,3.74424,129,6.40283,58082279093
64.1355,15592,4.19236,99,40,69,2345,1000,3.74229,132,6.40234,58182334869
57.4086,17419,4.19236,99,40,69,2345,1000,3.74229,132,6.40234,58282390775
65.6426,15234,4.19236,99,40,69,2345,1000,3.74229,132,6.40234,58382447191
65.2188,15333,4.19236,99,40,69,2345,1000,3.74229,132,6.40234,58482504008
77.8634,12843,4.19236,99,40,69,2345,1000,3.74229,132,6.40234,58582560484
67.627,14787,3.31288,98,40,68,2344,1000,3.74598,132,6.40705,58682616140
64.5786,15485,3.31288,98,40,68,2344,1000,3.74598,132,6.40705,58782672126
67.1321,14896,3.31288,98,40,68,2344,1000,3.74598,132,6.40705,58882728593
78.5978,12723,3.31288,98,40,68,2344,1000,3.74598,132,6.40705,58982784969
79.2393,12620,3.31288,98,40,68,2344,1000,3.74598,132,6.40705,59082841465
65.9892,15154,2.68293,99,40,68,2339,1000,3.74598,129,6.4073,59182897931
67.0151,14922,2.68293,99,40,68,2339,1000,3.74598,129,6.4073,59282954968
80.6647,12397,2.68293,99,40,68,2339,1000,3.74598,129,6.4073,59383011264
66.6933,14994,2.68293,99,40,68,2339,1000,3.74598,129,6.4073,59483067610
66.6933,14994,2.68293,99,40,68,2339,1000,3.74598,129,6.4073,59583123856
79.6686,12552,3.22581,99,40,68,2340,1000,3.74424,129,6.40585,59683179823
67.3491,14848,3.22581,99,40,68,2340,1000,3.74424,129,6.40585,59783236059
82.3249,12147,3.22581,99,40,68,2340,1000,3.74424,129,6.40585,59883291875
85.7192,11666,3.22581,99,40,68,2340,1000,3.74424,129,6.40585,59983348021
67.4263,14831,3.22581,99,40,68,2340,1000,3.74424,129,6.40585,60083404288
79.3273,12606,3.22581,99,40,68,2340,1000,3.74424,129,6.40585,60183460744
68.0596,14693,2.81518,99,40,68,2337,1000,3.74424,129,6.40561,60283516420
79.5039,12578,2.81518,99,40,68,2337,1000,3.74424,129,6.40561,60383572826
68.5401,14590,2.81518,99,40,68,2337,1000,3.74424,129,6.40561,60483629102
80.9913,12347,2.81518,99,40,68,2337,1000,3.74424,129,6.40561,60583685399
68.451,14609,2.81518,99,40,68,2337,1000,3.74424,129,6.40561,60683741925
84.5952,11821,2.10918,99,40,68,2339,1000,3.74424,129,6.40561,60783798501
69.43,14403,2.10918,99,40,68,2339,1000,3.74424,129,6.40561,60883855167
87.6117,11414,2.10918,99,40,68,2339,1000,3.74424,129,6.40561,60983911684
85.3752,11713,2.10918,99,40,68,2339,1000,3.74424,129,6.40561,61083967490
70.2494,14235,2.10918,99,40,68,2339,1000,3.74424,129,6.40561,61184023466
69.8959,14307,2.98137,99,39,68,2337,1000,3.74793,129,6.40729,61284079032
79.1828,12629,2.98137,99,39,68,2337,1000,3.74793,129,6.40729,61384135249
72.4218,13808,2.98137,99,39,68,2337,1000,3.74793,129,6.40729,61484191295
83.2085,12018,2.98137,99,39,68,2337,1000,3.74793,129,6.40729,61584246841
70.5517,14174,2.98137,99,39,68,2337,1000,3.74793,129,6.40729,61684303567
86.8508,11514,3.00752,99,39,68,2329,1000,3.74793,129,6.40754,61784359554
86.7528,11527,3.00752,99,39,68,2329,1000,3.74793,129,6.40754,61884416560
86.8206,11518,3.00752,99,39,68,2329,1000,3.74793,129,6.40754,61984472056
71.7309,13941,3.00752,99,39,68,2329,1000,3.74793,129,6.40754,62084528032
86.9112,11506,3.00752,99,39,68,2329,1000,3.74793,129,6.40754,62184583809
78.0762,12808,2.86426,99,39,68,2330,1000,3.74424,128,6.40084,62284639885
80.6192,12404,2.86426,99,39,68,2330,1000,3.74424,128,6.40084,62384696261
79.5039,12578,2.86426,99,39,68,2330,1000,3.74424,128,6.40084,62484752337
65.2486,15326,2.86426,99,39,68,2330,1000,3.74424,128,6.40084,62584808384
64.587,15483,2.86426,99,39,68,2330,1000,3.74424,128,6.40084,62684864010
62.6017,15974,4.99391,99,39,68,2334,1000,3.74424,128,6.40083,62784920476
61.5498,16247,4.99391,99,39,68,2334,1000,3.74424,128,6.40083,62884976152
59.4672,16816,4.99391,99,39,68,2334,1000,3.74424,128,6.40083,62985032738
74.7608,13376,4.99391,99,39,68,2334,1000,3.74424,128,6.40083,63085088775
49.7339,20107,4.99391,99,39,68,2334,1000,3.74424,128,6.40083,63185145091
60.1034,16638,3.47395,98,39,69,2341,1000,3.74424,129,6.40083,63285201877
48.938,20434,3.47395,98,39,69,2341,1000,3.74424,129,6.40083,63385262933
48.895,20452,3.47395,98,39,69,2341,1000,3.74424,129,6.40083,63485321560
54.2977,18417,3.47395,98,39,69,2341,1000,3.74424,129,6.40083,63585354866
59.5593,16790,3.47395,98,39,69,2341,1000,3.74424,129,6.40083,63685411082
48.5296,20606,3.50438,99,39,68,2345,1000,3.74229,132,6.39547,63785468638
59.5274,16799,3.50438,99,39,68,2345,1000,3.74229,132,6.39547,63885527105
77.8028,12853,3.50438,99,39,68,2345,1000,3.74229,132,6.39547,63985586211
58.2072,17180,3.50438,99,39,68,2345,1000,3.74229,132,6.39547,64085644057
58.9553,16962,3.50438,99,39,68,2345,1000,3.74229,132,6.39547,64185702033
58.7337,17026,3.6855,99,39,68,2348,1000,3.74229,132,6.39571,64285759790
63.8774,15655,3.6855,99,39,68,2348,1000,3.74229,132,6.39571,64385817646
73.0941,13681,3.6855,99,39,68,2348,1000,3.74229,132,6.39571,64485876712
86.2366,11596,3.6855,99,39,68,2348,1000,3.74229,132,6.39571,64585933798
84.0831,11893,3.6855,99,39,68,2348,1000,3.74229,132,6.39571,64685990865
77.9849,12823,2.98879,99,39,68,2341,1000,3.74424,131,6.39571,64786047981
82.2978,12151,2.98879,99,39,68,2341,1000,3.74424,131,6.39571,64886105107
85.6751,11672,2.98879,99,39,68,2341,1000,3.74424,131,6.39571,64986163573
87.3668,11446,2.98879,99,39,68,2341,1000,3.74424,131,6.39571,65086220570
81.6327,12250,2.98879,99,39,68,2341,1000,3.74424,131,6.39571,65186276556
85.4263,11706,2.69939,99,39,68,2328,1000,3.74424,128,6.39351,65286332552
85.1789,11740,2.69939,99,39,68,2328,1000,3.74424,128,6.39351,65386404348
87.9121,11375,2.69939,99,39,68,2328,1000,3.74424,128,6.39351,65486476015
82.6788,12095,2.69939,99,39,68,2328,1000,3.74424,128,6.39351,65586533271
71.1136,14062,2.69939,99,39,68,2328,1000,3.74424,128,6.39351,65686591667
86.1549,11607,2.10396,99,39,68,2338,1000,3.74424,128,6.39424,65786647923
84.6024,11820,2.10396,99,39,68,2338,1000,3.74424,128,6.39424,65886704179
73.0834,13683,2.10396,99,39,68,2338,1000,3.74424,128,6.39424,65986761806
81.1293,12326,2.10396,99,39,68,2338,1000,3.74424,128,6.39424,66086819062
70.4077,14203,2.10396,99,39,68,2338,1000,3.74424,128,6.39424,66186876248
86.326,11584,3.1407,99,39,68,2333,1000,3.74424,128,6.39619,66286933444
86.4603,11566,3.1407,99,39,68,2333,1000,3.74424,128,6.39619,66386990061
85.2297,11733,3.1407,99,39,68,2333,1000,3.74424,128,6.39619,66487046747
70.7064,14143,3.1407,99,39,68,2333,1000,3.74424,128,6.39619,66587104783
86.1326,11610,3.1407,99,39,68,2333,1000,3.74424,128,6.39619,66687161739
58.9449,16965,3.22181,99,39,68,2332,1000,3.74793,129,6.39883,66787218906
80.0192,12497,3.22181,99,39,68,2332,1000,3.74793,129,6.39883,66887276422
73.47,13611,3.22181,99,39,68,2332,1000,3.74793,129,6.39883,66987333278
86.0363,11623,3.22181,99,39,68,2332,1000,3.74793,129,6.39883,67087389034
63.8529,15661,3.22181,99,39,68,2332,1000,3.74793,129,6.39883,67187445171
53.3931,18729,3.22181,99,39,68,2332,1000,3.74793,129,6.39883,67287501597
46.1127,21686,4.98132,99,40,69,2336,1000,3.74793,129,6.39956,67387558053
72.3484,13822,4.98132,99,40,69,2336,1000,3.74793,129,6.39956,67487614499
55.1755,18124,4.98132,99,40,69,2336,1000,3.74793,129,6.39956,67587670676
55.4539,18033,4.98132,99,40,69,2336,1000,3.74793,129,6.39956,67687728342
54.9692,18192,4.98132,99,40,69,2336,1000,3.74793,129,6.39956,67787785248
54.8817,18221,7.16934,99,42,68,2344,1000,3.80273,132,6.39904,67887843184
69.8519,14316,7.16934,99,42,68,2344,1000,3.80273,132,6.39904,67987900771
55.7383,17941,7.16934,99,42,68,2344,1000,3.80273,132,6.39904,68087973017
70.4622,14192,7.16934,99,42,68,2344,1000,3.80273,132,6.39904,68188045083
68.6577,14565,7.16934,99,42,68,2344,1000,3.80273,132,6.39904,68288103029
63.3794,15778,4.14573,99,41,69,2333,1000,3.78817,132,6.40001,68388174996
55.7631,17933,4.14573,99,41,69,2333,1000,3.78817,132,6.40001,68488233152
83.64,11956,4.14573,99,41,69,2333,1000,3.78817,132,6.40001,68588290418
85.2079,11736,4.14573,99,41,69,2333,1000,3.78817,132,6.40001,68688347214
86.6401,11542,4.14573,99,41,69,2333,1000,3.78817,132,6.40001,68788403680
84.3455,11856,4.30504,99,41,68,2334,1000,3.79719,131,6.40098,68888460187
76.0167,13155,4.30504,99,41,68,2334,1000,3.79719,131,6.40098,68988517483
86.9943,11495,4.30504,99,41,68,2334,1000,3.79719,131,6.40098,69088574779
87.5964,11416,4.30504,99,41,68,2334,1000,3.79719,131,6.40098,69188632075
85.5359,11691,4.30504,99,41,68,2334,1000,3.79719,131,6.40098,69288688872
86.5726,11551,3.61146,99,41,68,2332,1000,3.78817,128,6.40049,69388744938
