os,cpu,gpu,ram,kernel,driver,cpuscheduler, , , , ,
Arch Linux,AMD Ryzen 7 5800X 8-Core Processor,Radeon RX 6700/6700 XT/6750 XT / 6800M/6850M XT,16297384,6.2.2-arch1-1,4.6 Mesa 22.3.6,schedutil, , , , ,
fps,frametime,cpu_load,gpu_load,cpu_temp,gpu_temp,gpu_core_clock,gpu_mem_clock,gpu_vram_used,gpu_power,ram_used,elapsed
76.746,13030,5.1186,98,61,66,2438,1000,2.89078,152,6.55603,202845802
71.0631,14072,5.1186,98,61,66,2438,1000,2.89078,152,6.55603,302896033
70.5318,14178,5.1186,98,61,66,2438,1000,2.89078,152,6.55603,402951644
68.8468,14525,5.1186,98,61,66,2438,1000,2.89078,152,6.55603,503001314
67.8979,14728,5.1186,98,61,66,2438,1000,2.89078,152,6.55603,603056785
71.4286,14000,5.1186,98,61,66,2438,1000,2.89078,152,6.55603,703108546
77.6759,12874,5.30864,99,60,66,2437,1000,2.89078,151,6.5658,803160307
74.5657,13411,5.30864,99,60,66,2437,1000,2.89078,151,6.5658,903211048
77.2738,12941,5.30864,99,60,66,2437,1000,2.89078,151,6.5658,1003268189
73.8607,13539,5.30864,99,60,66,2437,1000,2.89078,151,6.5658,1103340210
68.4697,14605,5.30864,99,60,66,2437,1000,2.89078,151,6.5658,1203403611
73.7626,13557,4.54545,99,59,66,2437,1000,2.89078,151,6.56556,1303454412
68.157,14672,4.54545,99,59,66,2437,1000,2.89078,151,6.56556,1403522403
71.7154,13944,4.54545,99,59,66,2437,1000,2.89078,151,6.56556,1503590304
68.3527,14630,4.54545,99,59,66,2437,1000,2.89078,151,6.56556,1603643214
78.8581,12681,4.54545,99,59,66,2437,1000,2.89078,151,6.56556,1703692965
68.8089,14533,5.51378,99,58,66,2434,1000,2.89078,151,6.56819,1803743266
75.5515,13236,5.51378,99,58,66,2434,1000,2.89078,151,6.56819,1903794847
64.6037,15479,5.51378,99,58,66,2434,1000,2.89078,151,6.56819,2003851768
46.7814,21376,5.51378,99,58,66,2434,1000,2.89078,151,6.56819,2103905449
65.9935,15153,5.51378,99,58,66,2434,1000,2.89078,151,6.56819,2203954830
65.2656,15322,22.7662,99,59,66,2432,1000,3.02106,150,6.56071,2304003991
67.6498,14782,22.7662,99,59,66,2432,1000,3.02106,150,6.56071,2404052712
68.3434,14632,22.7662,99,59,66,2432,1000,3.02106,150,6.56071,2504102073
58.524,17087,22.7662,99,59,66,2432,1000,3.02106,150,6.56071,2604154774
60.241,16600,22.7662,99,59,66,2432,1000,3.02106,150,6.56071,2704205485
63.0159,15869,25.0305,97,62,66,2409,1000,3.15969,148,6.56063,2804267465
68.4275,14614,25.0305,97,62,66,2409,1000,3.15969,148,6.56063,2904332656
48.23,20734,25.0305,97,62,66,2409,1000,3.15969,148,6.56063,3004385257
92.2339,10842,25.0305,97,62,66,2409,1000,3.15969,148,6.56063,3104435418
77.821,12850,25.0305,97,62,66,2409,1000,3.15969,148,6.56063,3204488409
70.6115,14162,31.7955,98,63,66,2422,1000,3.12117,149,6.55581,3304536840
61.8009,16181,31.7955,98,63,66,2422,1000,3.12117,149,6.55581,3404586581
70.7014,14144,31.7955,98,63,66,2422,1000,3.12117,149,6.55581,3504636822
79.1139,12640,31.7955,98,63,66,2422,1000,3.12117,149,6.55581,3604685633
70.4027,14204,31.7955,98,63,66,2422,1000,3.12117,149,6.55581,3704734204
58.1734,17190,15.6838,97,64,66,2352,1000,2.96579,146,6.55881,3804783815
84.1114,11889,15.6838,97,64,66,2352,1000,2.96579,146,6.55881,3904834806
15.7438,63517,15.6838,97,64,66,2352,1000,2.96579,146,6.55881,4004887126
80.2633,12459,15.6838,97,64,66,2352,1000,2.96579,146,6.55881,4104934997
91.6758,10908,15.6838,97,64,66,2352,1000,2.96579,146,6.55881,4204983628
73.8334,13544,41.9036,88,66,66,2155,1000,3.12839,141,6.56567,4305037089
67.3991,14837,41.9036,88,66,66,2155,1000,3.12839,141,6.56567,4405087330
70.922,14100,41.9036,88,66,66,2155,1000,3.12839,141,6.56567,4505138211
77.232,12948,41.9036,88,66,66,2155,1000,3.12839,141,6.56567,4605195662
68.7332,14549,41.9036,88,66,66,2155,1000,3.12839,141,6.56567,4705250563
79.9552,12507,40,98,68,66,2439,1000,3.03485,148,6.55908,4805301224
72.648,13765,40,98,68,66,2439,1000,3.03485,148,6.55908,4905350765
75.9878,13160,40,98,68,66,2439,1000,3.03485,148,6.55908,5005400446
66.6267,15009,40,98,68,66,2439,1000,3.03485,148,6.55908,5105449467
67.3491,14848,40,98,68,66,2439,1000,3.03485,148,6.55908,5205499797
53.7866,18592,33.2509,98,70,66,2427,1000,3.00584,150,6.56085,5305550498
114.43,8739,33.2509,98,70,66,2427,1000,3.00584,150,6.56085,5405605569
68.4463,14610,33.2509,98,70,66,2427,1000,3.00584,150,6.56085,5505655670
76.6754,13042,33.2509,98,70,66,2427,1000,3.00584,150,6.56085,5605704271
72.9874,13701,33.2509,98,70,66,2427,1000,3.00584,150,6.56085,5705753242
58.751,17021,38.5943,98,71,66,2431,1000,3.00584,150,6.56112,5805802773
74.7328,13381,38.5943,98,71,66,2431,1000,3.00584,150,6.56112,5905853004
32.3792,30884,38.5943,98,71,66,2431,1000,3.00584,150,6.56112,6005905575
66.379,15065,38.5943,98,71,66,2431,1000,3.00584,150,6.56112,6105953866
75.792,13194,38.5943,98,71,66,2431,1000,3.00584,150,6.56112,6206003847
58.2411,17170,36.9645,96,71,66,2345,1000,3.07183,146,6.57335,6306067468
70.279,14229,36.9645,96,71,66,2345,1000,3.07183,146,6.57335,6406118308
62.901,15898,36.9645,96,71,66,2345,1000,3.07183,146,6.57335,6506166889
66.7557,14980,36.9645,96,71,66,2345,1000,3.07183,146,6.57335,6606215300
68.0828,14688,36.9645,96,71,66,2345,1000,3.07183,146,6.57335,6706266311
91.8695,10885,29.8005,98,72,67,2435,1000,3.07594,152,6.55561,6806315782
177.242,5642,29.8005,98,72,67,2435,1000,3.07594,152,6.55561,6906364503
68.4744,14604,29.8005,98,72,67,2435,1000,3.07594,152,6.55561,7006414234
76.2195,13120,29.8005,98,72,67,2435,1000,3.07594,152,6.55561,7106464595
69.5604,14376,29.8005,98,72,67,2435,1000,3.07594,152,6.55561,7206514296
68.4416,14611,26.9901,97,72,67,2397,1000,3.11799,148,6.55581,7306563047
84.8969,11779,26.9901,97,72,67,2397,1000,3.11799,148,6.55581,7406611248
23.1022,43286,26.9901,97,72,67,2397,1000,3.11799,148,6.55581,7506661759
77.0357,12981,26.9901,97,72,67,2397,1000,3.11799,148,6.55581,7606710449
82.8089,12076,26.9901,97,72,67,2397,1000,3.11799,148,6.55581,7706759280
69.4444,14400,22.439,97,72,66,2356,1000,3.0678,146,6.5569,7806808531
71.623,13962,22.439,97,72,66,2356,1000,3.0678,146,6.5569,7906857972
64.6538,15467,22.439,97,72,66,2356,1000,3.0678,146,6.5569,8006906983
69.8959,14307,22.439,97,72,66,2356,1000,3.0678,146,6.5569,8106956084
68.7332,14549,22.439,97,72,66,2356,1000,3.0678,146,6.5569,8207004495
84.9834,11767,15.25,99,73,67,2418,1000,3.06161,149,6.5511,8307052986
75.3239,13276,15.25,99,73,67,2418,1000,3.06161,149,6.5511,8407103067
62.7353,15940,15.25,99,73,67,2418,1000,3.06161,149,6.5511,8507153388
66.011,15149,15.25,99,73,67,2418,1000,3.06161,149,6.5511,8607203789
43.1947,23151,15.25,99,73,67,2418,1000,3.06161,149,6.5511,8707251990
73.4268,13619,15.25,99,73,67,2418,1000,3.06161,149,6.5511,8807301630
61.0948,16368,32.6406,98,74,66,2415,1000,3.13266,147,6.55461,8907351191
50.4134,19836,32.6406,98,74,66,2415,1000,3.13266,147,6.55461,9007400812
94.8047,10548,32.6406,98,74,66,2415,1000,3.13266,147,6.55461,9107411343
50.2765,19890,32.6406,98,74,66,2415,1000,3.13266,147,6.55461,9207461824
89.7989,11136,32.6406,98,74,66,2415,1000,3.13266,147,6.55461,9307513705
59.1331,16911,42.0988,99,74,67,2421,1000,3.20959,149,6.56248,9407562396
61.8735,16162,42.0988,99,74,67,2421,1000,3.20959,149,6.56248,9507611407
60.2845,16588,42.0988,99,74,67,2421,1000,3.20959,149,6.56248,9607660708
58.2547,17166,42.0988,99,74,67,2421,1000,3.20959,149,6.56248,9707709569
107.193,9329,42.0988,99,74,67,2421,1000,3.20959,149,6.56248,9807758410
36.3465,27513,40.4938,98,74,67,2416,1000,3.18971,151,6.5573,9907807021
68.157,14672,40.4938,98,74,67,2416,1000,3.18971,151,6.5573,10007857182
63.5405,15738,40.4938,98,74,67,2416,1000,3.18971,151,6.5573,10107907762
184.434,5422,40.4938,98,74,67,2416,1000,3.18971,151,6.5573,10207957353
60.1902,16614,40.4938,98,74,67,2416,1000,3.18971,151,6.5573,10308007244
63.2871,15801,36.1624,98,74,67,2416,1000,3.16275,151,6.55368,10408056355
60.3901,16559,36.1624,98,74,67,2416,1000,3.16275,151,6.55368,10508108976
69.1946,14452,36.1624,98,74,67,2416,1000,3.16275,151,6.55368,10608156667
65.9587,15161,36.1624,98,74,67,2416,1000,3.16275,151,6.55368,10708205528
115.902,8628,36.1624,98,74,67,2416,1000,3.16275,151,6.55368,10808255269
380.807,2626,36.5501,97,74,67,2346,1000,2.97428,146,6.55312,10908305570
94.4555,10587,36.5501,97,74,67,2346,1000,2.97428,146,6.55312,11008354461
66.0982,15129,36.5501,97,74,67,2346,1000,2.97428,146,6.55312,11108403312
71.3827,14009,36.5501,97,74,67,2346,1000,2.97428,146,6.55312,11208452053
83.1601,12025,36.5501,97,74,67,2346,1000,2.97428,146,6.55312,11308501743
70.9824,14088,32.1608,98,75,67,2414,1000,2.97428,147,6.56063,11408550734
32.1906,31065,32.1608,98,75,67,2414,1000,2.97428,147,6.56063,11508601105
73.7354,13562,32.1608,98,75,67,2414,1000,2.97428,147,6.56063,11608649606
68.88,14518,32.1608,98,75,67,2414,1000,2.97428,147,6.56063,11708699707
64.0738,15607,32.1608,98,75,67,2414,1000,2.97428,147,6.56063,11808748988
61.7589,16192,36.2264,99,75,67,2418,1000,3.00498,147,6.55414,11908800629
61.3535,16299,36.2264,99,75,67,2418,1000,3.00498,147,6.55414,12008853040
80.1411,12478,36.2264,99,75,67,2418,1000,3.00498,147,6.55414,12108903331
65.3125,15311,36.2264,99,75,67,2418,1000,3.00498,147,6.55414,12208954842
72.3694,13818,36.2264,99,75,67,2418,1000,3.00498,147,6.55414,12309006753
82.8363,12072,24.7191,97,74,67,2392,1000,3.02942,146,6.56024,12409054494
62.8891,15901,24.7191,97,74,67,2392,1000,3.02942,146,6.56024,12509104454
78.3883,12757,24.7191,97,74,67,2392,1000,3.02942,146,6.56024,12609154325
69.5555,14377,24.7191,97,74,67,2392,1000,3.02942,146,6.56024,12709204276
66.357,15070,24.7191,97,74,67,2392,1000,3.02942,146,6.56024,12809254297
85.6458,11676,26.6169,96,74,67,2317,1000,3.03976,142,6.56038,12909305948
86.6401,11542,26.6169,96,74,67,2317,1000,3.03976,142,6.56038,13009356359
66.7156,14989,26.6169,96,74,67,2317,1000,3.03976,142,6.56038,13109404940
67.5767,14798,26.6169,96,74,67,2317,1000,3.03976,142,6.56038,13209454231
69.9301,14300,26.6169,96,74,67,2317,1000,3.03976,142,6.56038,13309506992
73.0514,13689,35.589,99,74,67,2420,1000,3.07265,148,6.55607,13409556423
71.8856,13911,35.589,99,74,67,2420,1000,3.07265,148,6.55607,13509569244
70.2099,14243,35.589,99,74,67,2420,1000,3.07265,148,6.55607,13609618415
69.2905,14432,35.589,99,74,67,2420,1000,3.07265,148,6.55607,13709669265
84.7961,11793,35.589,99,74,67,2420,1000,3.07265,148,6.55607,13809720466
68.7947,14536,24.4668,97,73,66,2403,1000,3.05389,146,6.56195,13909771187
60.2265,16604,24.4668,97,73,66,2403,1000,3.05389,146,6.56195,14009823498
58.3908,17126,24.4668,97,73,66,2403,1000,3.05389,146,6.56195,14109874159
78.3208,12768,24.4668,97,73,66,2403,1000,3.05389,146,6.56195,14209923760
67.7048,14770,24.4668,97,73,66,2403,1000,3.05389,146,6.56195,14309975991
67.1862,14884,40.801,95,74,67,2308,1000,3.12642,142,6.56219,14410029892
42.5116,23523,40.801,95,74,67,2308,1000,3.12642,142,6.56219,14510081283
78.6473,12715,40.801,95,74,67,2308,1000,3.12642,142,6.56219,14610130244
69.0846,14475,40.801,95,74,67,2308,1000,3.12642,142,6.56219,14710179175
86.2218,11598,40.801,95,74,67,2308,1000,3.12642,142,6.56219,14810231316
91.6926,10906,38.1773,97,74,67,2387,1000,3.14026,146,6.55825,14910281326
91.7684,10897,38.1773,97,74,67,2387,1000,3.14026,146,6.55825,15010330077
62.7589,15934,38.1773,97,74,67,2387,1000,3.14026,146,6.55825,15110358258
54.5643,18327,38.1773,97,74,67,2387,1000,3.14026,146,6.55825,15210411719
85.6018,11682,38.1773,97,74,67,2387,1000,3.14026,146,6.55825,15310462220
77.2738,12941,30.3659,98,74,67,2420,1000,3.2723,146,6.56371,15410512721
65.4108,15288,30.3659,98,74,67,2420,1000,3.2723,146,6.56371,15510563202
57.4383,17410,30.3659,98,74,67,2420,1000,3.2723,146,6.56371,15610612393
126.135,7928,30.3659,98,74,67,2420,1000,3.2723,146,6.56371,15710661404
70.4126,14202,30.3659,98,74,67,2420,1000,3.2723,146,6.56371,15810711265
63.5284,15741,21.9482,97,74,67,2397,1000,3.05119,145,6.56455,15910760846
62.1002,16103,21.9482,97,74,67,2397,1000,3.05119,145,6.56455,16010813497
65.9718,15158,21.9482,97,74,67,2397,1000,3.05119,145,6.56455,16110864287
67.0376,14917,21.9482,97,74,67,2397,1000,3.05119,145,6.56455,16210915058
67.5995,14793,21.9482,97,74,67,2397,1000,3.05119,145,6.56455,16310970599
67.9256,14722,21.9482,97,74,67,2397,1000,3.05119,145,6.56455,16411022170
75.9417,13168,4.41176,99,72,67,2415,1000,3.02021,145,6.55797,16511074951
77.7242,12866,4.41176,99,72,67,2415,1000,3.02021,145,6.55797,16611135582
68.7805,14539,4.41176,99,72,67,2415,1000,3.02021,145,6.55797,16711188583
69.9105,14304,4.41176,99,72,67,2415,1000,3.02021,145,6.55797,16811245844
79.1139,12640,4.41176,99,72,67,2415,1000,3.02021,145,6.55797,16911307315
75.523,13241,4.79705,99,71,67,2414,1000,3.02216,145,6.56002,17011359346
79.8977,12516,4.79705,99,71,67,2414,1000,3.02216,145,6.56002,17111419527
76.5228,13068,4.79705,99,71,67,2414,1000,3.02216,145,6.56002,17211475818
76.7342,13032,4.79705,99,71,67,2414,1000,3.02216,145,6.56002,17311534588
81.4996,12270,4.79705,99,71,67,2414,1000,3.02216,145,6.56002,17411583619
70.5617,14172,5.14076,99,70,66,2420,1000,3.02216,145,6.55758,17511632130
72.2282,13845,5.14076,99,70,66,2420,1000,3.02216,145,6.55758,17611683521
82.5968,12107,5.14076,99,70,66,2420,1000,3.02216,145,6.55758,17711733012
65.9848,15155,5.14076,99,70,66,2420,1000,3.02216,145,6.55758,17811784423
106.61,9380,5.14076,99,70,66,2420,1000,3.02216,145,6.55758,17911833104
84.9473,11772,7.29295,99,68,67,2417,1000,3.09899,145,6.56538,18011881465
80.2053,12468,7.29295,99,68,67,2417,1000,3.09899,145,6.56538,18111929756
75.1145,13313,7.29295,99,68,67,2417,1000,3.09899,145,6.56538,18211980967
70.0771,14270,7.29295,99,68,67,2417,1000,3.09899,145,6.56538,18312029298
76.3825,13092,7.29295,99,68,67,2417,1000,3.09899,145,6.56538,18412082629
77.1426,12963,3.66748,99,67,67,2414,1000,3.0084,146,6.56337,18512125669
67.9763,14711,3.66748,99,67,67,2414,1000,3.0084,146,6.56337,18612176370
70.2001,14245,3.66748,99,67,67,2414,1000,3.0084,146,6.56337,18712226981
81.6793,12243,3.66748,99,67,67,2414,1000,3.0084,146,6.56337,18812277452
76.646,13047,3.66748,99,67,67,2414,1000,3.0084,146,6.56337,18912327103
77.101,12970,4.41718,99,66,67,2413,1000,3.0084,146,6.56031,19012377624
66.0328,15144,4.41718,99,66,67,2413,1000,3.0084,146,6.56031,19112427735
65.8588,15184,4.41718,99,66,67,2413,1000,3.0084,146,6.56031,19212478486
75.4091,13261,4.41718,99,66,67,2413,1000,3.0084,146,6.56031,19312527337
76.6989,13038,4.41718,99,66,67,2413,1000,3.0084,146,6.56031,19412577048
73.5186,13602,3.69004,99,64,67,2413,1000,3.0084,145,6.55817,19512628329
83.4864,11978,3.69004,99,64,67,2413,1000,3.0084,145,6.55817,19612678260
68.9798,14497,3.69004,99,64,67,2413,1000,3.0084,145,6.55817,19712729270
83.3542,11997,3.69004,99,64,67,2413,1000,3.0084,145,6.55817,19812779641
68.4135,14617,3.69004,99,64,67,2413,1000,3.0084,145,6.55817,19912832152
81.8465,12218,4.2236,99,63,67,2411,1000,3.0084,145,6.56206,20012885153
66.5026,15037,4.2236,99,63,67,2411,1000,3.0084,145,6.56206,20112937814
81.1293,12326,4.2236,99,63,67,2411,1000,3.0084,145,6.56206,20212989945
81.0241,12342,4.2236,99,63,67,2411,1000,3.0084,145,6.56206,20313043666
74.5879,13407,4.2236,99,63,67,2411,1000,3.0084,145,6.56206,20413107747
78.0336,12815,4.94438,99,62,67,2410,1000,3.01035,144,6.56166,20513176768
74.9513,13342,4.94438,99,62,67,2410,1000,3.01035,144,6.56166,20613246739
77.4293,12915,4.94438,99,62,67,2410,1000,3.01035,144,6.56166,20713317060
74.6659,13393,4.94438,99,62,67,2410,1000,3.01035,144,6.56166,20813386711
79.0139,12656,4.94438,99,62,67,2410,1000,3.01035,144,6.56166,20913432151
85.1281,11747,5.63204,99,61,67,2411,1000,3.01035,144,6.56528,21013501932
56.6059,17666,5.63204,99,61,67,2411,1000,3.01035,144,6.56528,21113571413
60.562,16512,5.63204,99,61,67,2411,1000,3.01035,144,6.56528,21213640764
53.0082,18865,5.63204,99,61,67,2411,1000,3.01035,144,6.56528,21313710455
64.0902,15603,5.63204,99,61,67,2411,1000,3.01035,144,6.56528,21413780296
66.5779,15020,7.02635,99,60,68,2418,1000,3.05444,146,6.55882,21513850697
66.1463,15118,7.02635,99,60,68,2418,1000,3.05444,146,6.55882,21613919538
64.5536,15491,7.02635,99,60,68,2418,1000,3.05444,146,6.55882,21713989259
89.9766,11114,7.02635,99,60,68,2418,1000,3.05444,146,6.55882,21814058750
93.2662,10722,7.02635,99,60,68,2418,1000,3.05444,146,6.55882,21914129171
88.4486,11306,5.13784,99,60,67,2417,1000,2.99705,149,6.56586,22014199611
69.0751,14477,5.13784,99,60,67,2417,1000,2.99705,149,6.56586,22114269972
74.4158,13438,5.13784,99,60,67,2417,1000,2.99705,149,6.56586,22214340303
77.9788,12824,5.13784,99,60,67,2417,1000,2.99705,149,6.56586,22314410014
79.7321,12542,5.13784,99,60,67,2417,1000,2.99705,149,6.56586,22414479575
81.9001,12210,3.97516,99,59,67,2408,1000,3.03467,145,6.56158,22514548446
76.0225,13154,3.97516,99,59,67,2408,1000,3.03467,145,6.56158,22614618657
77.9606,12827,3.97516,99,59,67,2408,1000,3.03467,145,6.56158,22714688868
76.0398,13151,3.97516,99,59,67,2408,1000,3.03467,145,6.56158,22814758359
80.8211,12373,3.97516,99,59,67,2408,1000,3.03467,145,6.56158,22914828700
70.141,14257,4.01003,99,58,67,2413,1000,3.04707,146,6.55943,23014892691
79.8594,12522,4.01003,99,58,67,2413,1000,3.04707,146,6.55943,23114961612
81.88,12213,4.01003,99,58,67,2413,1000,3.04707,146,6.55943,23215032072
88.3704,11316,4.01003,99,58,67,2413,1000,3.04707,146,6.55943,23315102153
94.4912,10583,4.01003,99,58,67,2413,1000,3.04707,146,6.55943,23415172434
86.3334,11583,3.33333,99,57,67,2407,1000,3.00481,145,6.56327,23515241145
94.0203,10636,3.33333,99,57,67,2407,1000,3.00481,145,6.56327,23615311006
91.7852,10895,3.33333,99,57,67,2407,1000,3.00481,145,6.56327,23715380637
90.8678,11005,3.33333,99,57,67,2407,1000,3.00481,145,6.56327,23815450448
90.0009,11111,3.33333,99,57,67,2407,1000,3.00481,145,6.56327,23915520229
84.6812,11809,3.33333,99,57,67,2407,1000,3.00481,145,6.56327,24015589880
85.9919,11629,3.47826,99,56,66,2404,1000,3.00481,144,6.56211,24115660761
78.9017,12674,3.47826,99,56,66,2404,1000,3.00481,144,6.56211,24215729782
71.8804,13912,3.47826,99,56,66,2404,1000,3.00481,144,6.56211,24315798482
78.4129,12753,3.47826,99,56,66,2404,1000,3.00481,144,6.56211,24415867943
77.6217,12883,3.47826,99,56,66,2404,1000,3.00481,144,6.56211,24515938024
75.2219,13294,3.87016,99,56,67,2406,1000,3.01426,144,6.56163,24616008325
74.8279,13364,3.87016,99,56,67,2406,1000,3.01426,144,6.56163,24716076656
78.7712,12695,3.87016,99,56,67,2406,1000,3.01426,144,6.56163,24816145617
73.0087,13697,3.87016,99,56,67,2406,1000,3.01426,144,6.56163,24916214138
64.6454,15469,3.87016,99,56,67,2406,1000,3.01426,144,6.56163,25016284069
73.7354,13562,4.63415,99,55,67,2409,1000,2.97966,144,6.56365,25116353270
84.4595,11840,4.63415,99,55,67,2409,1000,2.97966,144,6.56365,25216422271
71.5461,13977,4.63415,99,55,67,2409,1000,2.97966,144,6.56365,25316491302
74.1235,13491,4.63415,99,55,67,2409,1000,2.97966,144,6.56365,25416560163
73.2332,13655,4.63415,99,55,67,2409,1000,2.97966,144,6.56365,25516629193
64.1643,15585,4.28397,98,54,67,2412,1000,2.99682,145,6.5626,25616699374
70.4622,14192,4.28397,98,54,67,2412,1000,2.99682,145,6.5626,25716768275
71.4796,13990,4.28397,98,54,67,2412,1000,2.99682,145,6.5626,25816837756
74.6213,13401,4.28397,98,54,67,2412,1000,2.99682,145,6.5626,25916907117
74.5879,13407,4.28397,98,54,67,2412,1000,2.99682,145,6.5626,26016975738
75.1033,13315,3.31695,99,54,68,2412,1000,2.97836,146,6.56514,26117045279
75.4603,13252,3.31695,99,54,68,2412,1000,2.97836,146,6.56514,26217114120
82.7815,12080,3.31695,99,54,68,2412,1000,2.97836,146,6.56514,26317183591
86.3409,11582,3.31695,99,54,68,2412,1000,2.97836,146,6.56514,26417252162
96.2464,10390,3.31695,99,54,68,2412,1000,2.97836,146,6.56514,26517321843
67.4263,14831,3.14861,99,53,67,2408,1000,3.0014,144,6.56136,26617392293
62.1581,16088,3.14861,99,53,67,2408,1000,3.0014,144,6.56136,26717461854
74.4824,13426,3.14861,99,53,67,2408,1000,3.0014,144,6.56136,26817530805
76.7048,13037,3.14861,99,53,67,2408,1000,3.0014,144,6.56136,26917600196
82.3927,12137,3.14861,99,53,67,2408,1000,3.0014,144,6.56136,27017631477
83.5352,11971,4.73815,99,52,68,2414,1000,3.0014,145,6.56401,27117700648
81.4797,12273,4.73815,99,52,68,2414,1000,3.0014,145,6.56401,27217769129
76.3068,13105,4.73815,99,52,68,2414,1000,3.0014,145,6.56401,27317838150
64.0861,15604,4.73815,99,52,68,2414,1000,3.0014,145,6.56401,27417907231
62.751,15936,4.73815,99,52,68,2414,1000,3.0014,145,6.56401,27517977112
86.326,11584,4.2735,99,52,68,2408,1000,2.98087,143,6.56689,27618046733
85.9993,11628,4.2735,99,52,68,2408,1000,2.98087,143,6.56689,27718126074
81.3405,12294,4.2735,99,52,68,2408,1000,2.98087,143,6.56689,27818195814
59.8838,16699,4.2735,99,52,68,2408,1000,2.98087,143,6.56689,27918266055
69.5072,14387,4.2735,99,52,68,2408,1000,2.98087,143,6.56689,28018336036
70.7064,14143,3.9604,99,51,68,2413,1000,2.98087,147,6.56075,28118405847
60.2845,16588,3.9604,99,51,68,2413,1000,2.98087,147,6.56075,28218473678
90.3424,11069,3.9604,99,51,68,2413,1000,2.98087,147,6.56075,28318542099
85.5798,11685,3.9604,99,51,68,2413,1000,2.98087,147,6.56075,28418610560
90.082,11101,3.9604,99,51,68,2413,1000,2.98087,147,6.56075,28518680271
72.8014,13736,3.52201,99,51,67,2407,1000,2.98087,146,6.56344,28618750002
76.8226,13017,3.52201,99,51,67,2407,1000,2.98087,146,6.56344,28718819143
89.9604,11116,3.52201,99,51,67,2407,1000,2.98087,146,6.56344,28818888804
79.5102,12577,3.52201,99,51,67,2407,1000,2.98087,146,6.56344,28918957175
82.0075,12194,3.52201,99,51,67,2407,1000,2.98087,146,6.56344,29019026975
86.4006,11574,3.59356,99,50,67,2407,1000,2.98087,146,6.56293,29119097046
85.7118,11667,3.59356,99,50,67,2407,1000,2.98087,146,6.56293,29219166447
94.7059,10559,3.59356,99,50,67,2407,1000,2.98087,146,6.56293,29319235968
83.717,11945,3.59356,99,50,67,2407,1000,2.98087,146,6.56293,29419305409
82.6925,12093,3.59356,99,50,67,2407,1000,2.98087,146,6.56293,29519374950
77.0475,12979,4,99,50,67,2406,1000,2.98087,145,6.56024,29619443821
82.3588,12142,4,99,50,67,2406,1000,2.98087,145,6.56024,29719512242
80.2568,12460,4,99,50,67,2406,1000,2.98087,145,6.56024,29819579533
81.057,12337,4,99,50,67,2406,1000,2.98087,145,6.56024,29919647184
81.8398,12219,4,99,50,67,2406,1000,2.98087,145,6.56024,30019716265
81.215,12313,3.36239,99,49,67,2410,1000,2.97892,143,6.55896,30119784205
76.5287,13067,3.36239,99,49,67,2410,1000,2.97892,143,6.55896,30219852286
83.2639,12010,3.36239,99,49,67,2410,1000,2.97892,143,6.55896,30319920667
81.5794,12258,3.36239,99,49,67,2410,1000,2.97892,143,6.55896,30419988798
78.2718,12776,3.36239,99,49,67,2410,1000,2.97892,143,6.55896,30520057649
70.3037,14224,3.45679,99,48,68,2403,1000,2.97892,144,6.55919,30620126530
59.1646,16902,3.45679,99,48,68,2403,1000,2.97892,144,6.55919,30720195071
68.7616,14543,3.45679,99,48,68,2403,1000,2.97892,144,6.55919,30820264772
61.5309,16252,3.45679,99,48,68,2403,1000,2.97892,144,6.55919,30920333313
66.3482,15072,3.45679,99,48,68,2403,1000,2.97892,144,6.55919,31020402454
67.0331,14918,3.67647,99,48,68,2403,1000,2.97892,144,6.5595,31120471665
59.0145,16945,3.67647,99,48,68,2403,1000,2.97892,144,6.5595,31220540006
67.2766,14864,3.67647,99,48,68,2403,1000,2.97892,144,6.5595,31320609446
92.1744,10849,3.67647,99,48,68,2403,1000,2.97892,144,6.5595,31420678387
93.7031,10672,3.67647,99,48,68,2403,1000,2.97892,144,6.5595,31520748248
79.2833,12613,3.2419,99,48,68,2408,1000,2.97892,146,6.56192,31620816539
96.4041,10373,3.2419,99,48,68,2408,1000,2.97892,146,6.56192,31720885170
85.266,11728,3.2419,99,48,68,2408,1000,2.97892,146,6.56192,31820954421
88.8652,11253,3.2419,99,48,68,2408,1000,2.97892,146,6.56192,31921023442
82.4402,12130,3.2419,99,48,68,2408,1000,2.97892,146,6.56192,32021091863
83.0703,12038,4.69716,98,47,68,2405,1000,2.98087,145,6.56747,32121160214
84.9907,11766,4.69716,98,47,68,2405,1000,2.98087,145,6.56747,32221229325
77.8816,12840,4.69716,98,47,68,2405,1000,2.98087,145,6.56747,32321298176
83.375,11994,4.69716,98,47,68,2405,1000,2.98087,145,6.56747,32421367546
80.0448,12493,4.69716,98,47,68,2405,1000,2.98087,145,6.56747,32521436737
86.1549,11607,4.69716,98,47,68,2405,1000,2.98087,145,6.56747,32621505798
76.2369,13117,3.9312,99,47,67,2401,1000,2.98087,142,6.56636,32721574699
81.8666,12215,3.9312,99,47,67,2401,1000,2.98087,142,6.56636,32821643390
85.0123,11763,3.9312,99,47,67,2401,1000,2.98087,142,6.56636,32921712121
77.4233,12916,3.9312,99,47,67,2401,1000,2.98087,142,6.56636,33021784332
79.5292,12574,3.9312,99,47,67,2401,1000,2.98087,142,6.56636,33121855383
77.6337,12881,3.20592,99,46,67,2403,1000,2.97892,143,6.56479,33221923944
76.3301,13101,3.20592,99,46,67,2403,1000,2.97892,143,6.56479,33321992815
81.9269,12206,3.20592,99,46,67,2403,1000,2.97892,143,6.56479,33422063436
71.9373,13901,3.20592,99,46,67,2403,1000,2.97892,143,6.56479,33522133367
79.5608,12569,3.20592,99,46,67,2403,1000,2.97892,143,6.56479,33622203717
82.7335,12087,3.61146,99,46,68,2403,1000,2.97892,143,6.56696,33722273948
79.2833,12613,3.61146,99,46,68,2403,1000,2.97892,143,6.56696,33822343949
78.5731,12727,3.61146,99,46,68,2403,1000,2.97892,143,6.56696,33922413190
39.165,25533,3.61146,99,46,68,2403,1000,2.97892,143,6.56696,34022483111
68.8942,14515,3.61146,99,46,68,2403,1000,2.97892,143,6.56696,34122553162
69.5943,14369,4.79115,99,46,68,2402,1000,3.00138,143,6.56465,34222623343
67.6773,14776,4.79115,99,46,68,2402,1000,3.00138,143,6.56465,34322693174
68.9465,14504,4.79115,99,46,68,2402,1000,3.00138,143,6.56465,34422762545
59.8086,16720,4.79115,99,46,68,2402,1000,3.00138,143,6.56465,34522832816
69.5943,14369,4.79115,99,46,68,2402,1000,3.00138,143,6.56465,34622901437
70.8868,14107,4.95663,99,45,68,2410,1000,2.96708,146,6.56851,34722971297
82.3588,12142,4.95663,99,45,68,2410,1000,2.96708,146,6.56851,34823040718
95.6663,10453,4.95663,99,45,68,2410,1000,2.96708,146,6.56851,34923109819
91.8695,10885,4.95663,99,45,68,2410,1000,2.96708,146,6.56851,35023181420
80.9192,12358,4.95663,99,45,68,2410,1000,2.96708,146,6.56851,35123251141
87.1612,11473,3.91198,99,45,68,2411,1000,2.96904,147,6.57023,35223320672
86.0289,11624,3.91198,99,45,68,2411,1000,2.96904,147,6.57023,35323390733
89.8553,11129,3.91198,99,45,68,2411,1000,2.96904,147,6.57023,35423460364
86.423,11571,3.91198,99,45,68,2411,1000,2.96904,147,6.57023,35523528965
80.457,12429,3.91198,99,45,68,2411,1000,2.96904,147,6.57023,35623598366
83.3959,11991,3.59802,99,45,68,2403,1000,2.96904,144,6.57198,35723667897
80.8734,12365,3.59802,99,45,68,2403,1000,2.96904,144,6.57198,35823737108
75.2785,13284,3.59802,99,45,68,2403,1000,2.96904,144,6.57198,35923805348
83.4864,11978,3.59802,99,45,68,2403,1000,2.96904,144,6.57198,36023873969
81.706,12239,3.59802,99,45,68,2403,1000,2.96904,144,6.57198,36123943470
77.0416,12980,3.90428,99,46,68,2404,1000,2.96708,143,6.5673,36224012621
71.0682,14071,3.90428,99,46,68,2404,1000,2.96708,143,6.5673,36324082722
58.8859,16982,3.90428,99,46,68,2404,1000,2.96708,143,6.5673,36424152793
66.3438,15073,3.90428,99,46,68,2404,1000,2.96708,143,6.5673,36524221804
70.6764,14149,3.90428,99,46,68,2404,1000,2.96708,143,6.5673,36624291555
67.0511,14914,3.82716,99,45,68,2402,1000,2.96708,144,6.56946,36724361216
74.195,13478,3.82716,99,45,68,2402,1000,2.96708,144,6.56946,36824431067
61.3196,16308,3.82716,99,45,68,2402,1000,2.96708,144,6.56946,36924501138
69.2809,14434,3.82716,99,45,68,2402,1000,2.96708,144,6.56946,37024570998
70.8466,14115,3.82716,99,45,68,2402,1000,2.96708,144,6.56946,37124640429
69.8519,14316,5.01223,99,45,68,2407,1000,2.96708,147,6.56946,37224708970
76.8994,13004,5.01223,99,45,68,2407,1000,2.96708,147,6.56946,37324780811
80.1989,12469,5.01223,99,45,68,2407,1000,2.96708,147,6.56946,37424849892
72.6533,13764,5.01223,99,45,68,2407,1000,2.96708,147,6.56946,37524919563
79.2142,12624,5.01223,99,45,68,2407,1000,2.96708,147,6.56946,37624988774
77.238,12947,3.94089,99,45,68,2406,1000,2.96708,147,6.56695,37725057625
75.7863,13195,3.94089,99,45,68,2406,1000,2.96708,147,6.56695,37825127146
85.3024,11723,3.94089,99,45,68,2406,1000,2.96708,147,6.56695,37925196227
88.0747,11354,3.94089,99,45,68,2406,1000,2.96708,147,6.56695,38025265848
94.7867,10550,3.94089,99,45,68,2406,1000,2.96708,147,6.56695,38125335199
83.4725,11980,3.99501,99,44,68,2400,1000,2.96904,144,6.56695,38225403629
84.2105,11875,3.99501,99,44,68,2400,1000,2.96904,144,6.56695,38325472340
82.3859,12138,3.99501,99,44,68,2400,1000,2.96904,144,6.56695,38425541061
77.8028,12853,3.99501,99,44,68,2400,1000,2.96904,144,6.56695,38525610262
70.0771,14270,3.99501,99,44,68,2400,1000,2.96904,144,6.56695,38625680003
61.2257,16333,3.82244,99,44,68,2402,1000,2.96904,141,6.56644,38725749004
68.3527,14630,3.82244,99,44,68,2402,1000,2.96904,141,6.56644,38825819105
70.0427,14277,3.82244,99,44,68,2402,1000,2.96904,141,6.56644,38925888766
68.2594,14650,3.82244,99,44,68,2402,1000,2.96904,141,6.56644,39025918807
71.3267,14020,3.82244,99,44,68,2402,1000,2.96904,141,6.56644,39125991348
70.7114,14142,3.56704,99,44,68,2409,1000,2.96708,146,6.56352,39226060779
83.7381,11942,3.56704,99,44,68,2409,1000,2.96708,146,6.56352,39326129989
74.4824,13426,3.56704,99,44,68,2409,1000,2.96708,146,6.56352,39426197960
83.2085,12018,3.56704,99,44,68,2409,1000,2.96708,146,6.56352,39526266981
79.9808,12503,3.56704,99,44,68,2409,1000,2.96708,146,6.56352,39626336212
75.2842,13283,3.56704,99,44,68,2409,1000,2.96708,146,6.56352,39726405593
79.5229,12575,4.81928,99,43,68,2400,1000,2.96708,145,6.56339,39826475484
88.8494,11255,4.81928,99,43,68,2400,1000,2.96708,145,6.56339,39926544015
84.4523,11841,4.81928,99,43,68,2400,1000,2.96708,145,6.56339,40026613466
81.7261,12236,4.81928,99,43,68,2400,1000,2.96708,145,6.56339,40126682597
93.5716,10687,4.81928,99,43,68,2400,1000,2.96708,145,6.56339,40226752138
83.71,11946,4.37956,99,43,67,2397,1000,2.96904,142,6.5612,40326821309
77.9362,12831,4.37956,99,43,67,2397,1000,2.96904,142,6.5612,40426890490
69.6379,14360,4.37956,99,43,67,2397,1000,2.96904,142,6.5612,40526959160
62.1504,16090,4.37956,99,43,67,2397,1000,2.96904,142,6.5612,40627027501
61.1135,16363,4.37956,99,43,67,2397,1000,2.96904,142,6.5612,40727097042
63.4639,15757,3.35821,99,43,68,2401,1000,3.00262,141,6.56304,40827166863
65.9326,15167,3.35821,99,43,68,2401,1000,3.00262,141,6.56304,40927236424
65.1381,15352,3.35821,99,43,68,2401,1000,3.00262,141,6.56304,41027305615
61.8353,16172,3.35821,99,43,68,2401,1000,3.00262,141,6.56304,41127375046
81.2348,12310,3.35821,99,43,68,2401,1000,3.00262,141,6.56304,41227444527
82.2233,12162,3.625,99,43,68,2406,1000,2.9696,146,6.56142,41327514388
81.2018,12315,3.625,99,43,68,2406,1000,2.9696,146,6.56142,41427582849
72.9554,13707,3.625,99,43,68,2406,1000,2.9696,146,6.56142,41527652360
78.1922,12789,3.625,99,43,68,2406,1000,2.9696,146,6.56142,41627721650
88.7863,11263,3.625,99,43,68,2406,1000,2.9696,146,6.56142,41727791311
68.2687,14648,4.03423,99,43,68,2400,1000,2.9696,143,6.56227,41827860952
65.9239,15169,4.03423,99,43,68,2400,1000,2.9696,143,6.56227,41927930533
64.1437,15590,4.03423,99,43,68,2400,1000,2.9696,143,6.56227,42027999724
62.3791,16031,4.03423,99,43,68,2400,1000,2.9696,143,6.56227,42128068985
65.4536,15278,4.03423,99,43,68,2400,1000,2.9696,143,6.56227,42228137736
67.8472,14739,4.9697,99,43,68,2404,1000,2.9696,144,6.56251,42328206807
84.717,11804,4.9697,99,43,68,2404,1000,2.9696,144,6.56251,42428275038
79.1202,12639,4.9697,99,43,68,2404,1000,2.9696,144,6.56251,42528344009
81.1688,12320,4.9697,99,43,68,2404,1000,2.9696,144,6.56251,42628412390
79.8913,12517,4.9697,99,43,68,2404,1000,2.9696,144,6.56251,42728480631
77.3036,12936,4.16667,99,43,68,2405,1000,2.9696,145,6.5592,42828550091
82.0546,12187,4.16667,99,43,68,2405,1000,2.9696,145,6.5592,42928619492
77.4114,12918,4.16667,99,43,68,2405,1000,2.9696,145,6.5592,43028688023
77.5134,12901,4.16667,99,43,68,2405,1000,2.9696,145,6.5592,43128756084
83.382,11993,4.16667,99,43,68,2405,1000,2.9696,145,6.5592,43228825095
72.2335,13844,3.34158,99,43,68,2400,1000,2.9696,141,6.5592,43328893756
81.4266,12281,3.34158,99,43,68,2400,1000,2.9696,141,6.5592,43428961667
74.366,13447,3.34158,99,43,68,2400,1000,2.9696,141,6.5592,43529029898
76.5228,13068,3.34158,99,43,68,2400,1000,2.9696,141,6.5592,43629098689
77.3874,12922,3.34158,99,43,68,2400,1000,2.9696,141,6.5592,43729167410
67.0196,14921,3.63865,99,43,68,2397,1000,2.96765,142,6.55889,43829236071
70.4176,14201,3.63865,99,43,68,2397,1000,2.96765,142,6.55889,43929304162
68.7522,14545,3.63865,99,43,68,2397,1000,2.96765,142,6.55889,44029372812
66.8137,14967,3.63865,99,43,68,2397,1000,2.96765,142,6.55889,44129440853
74.8615,13358,3.63865,99,43,68,2397,1000,2.96765,142,6.55889,44229508404
74.9681,13339,4.49438,99,43,68,2404,1000,2.96765,145,6.55519,44329575545
73.046,13690,4.49438,99,43,68,2404,1000,2.96765,145,6.55519,44429643486
82.9394,12057,4.49438,99,43,68,2404,1000,2.96765,145,6.55519,44529711567
79.4913,12580,4.49438,99,43,68,2404,1000,2.96765,145,6.55519,44629779498
85.2588,11729,4.49438,99,43,68,2404,1000,2.96765,145,6.55519,44729847389
83.4376,11985,4.04412,99,43,67,2398,1000,2.9696,143,6.55511,44829915500
85.6018,11682,4.04412,99,43,67,2398,1000,2.9696,143,6.55511,44929983661
72.8597,13725,4.04412,99,43,67,2398,1000,2.9696,143,6.55511,45030033982
66.8539,14958,4.04412,99,43,67,2398,1000,2.9696,143,6.55511,45130106692
67.2948,14860,4.04412,99,43,67,2398,1000,2.9696,143,6.55511,45230178113
68.5495,14588,4.04412,99,43,67,2398,1000,2.9696,143,6.55511,45330250934
74.3108,13457,4.41176,99,42,68,2403,1000,2.9696,143,6.55532,45430323395
77.4893,12905,4.41176,99,42,68,2403,1000,2.9696,143,6.55532,45530396716
75.6716,13215,4.41176,99,42,68,2403,1000,2.9696,143,6.55532,45630469487
83.7802,11936,4.41176,99,42,68,2403,1000,2.9696,143,6.55532,45730541678
76.5638,13061,4.41176,99,42,68,2403,1000,2.9696,143,6.55532,45830614179
80.2375,12463,3.50438,99,42,68,2400,1000,2.96765,145,6.55581,45930686220
83.5981,11962,3.50438,99,42,68,2400,1000,2.96765,145,6.55581,46030756381
80.4117,12436,3.50438,99,42,68,2400,1000,2.96765,145,6.55581,46130829552
88.2846,11327,3.50438,99,42,68,2400,1000,2.96765,145,6.55581,46230899143
84.2744,11866,3.50438,99,42,68,2400,1000,2.96765,145,6.55581,46330972693
83.3959,11991,3.37079,99,42,68,2398,1000,2.9696,142,6.55581,46431045894
71.7309,13941,3.37079,99,42,68,2398,1000,2.9696,142,6.55581,46531117105
62.4025,16025,3.37079,99,42,68,2398,1000,2.9696,142,6.55581,46631190256
65.5996,15244,3.37079,99,42,68,2398,1000,2.9696,142,6.55581,46731264377
66.2339,15098,3.37079,99,42,68,2398,1000,2.9696,142,6.55581,46831339188
66.0458,15141,3.7594,99,42,68,2406,1000,2.9696,144,6.55598,46931413609
66.6667,15000,3.7594,99,42,68,2406,1000,2.9696,144,6.55598,47031487030
69.3001,14430,3.7594,99,42,68,2406,1000,2.9696,144,6.55598,47131561011
70.7514,14134,3.7594,99,42,68,2406,1000,2.9696,144,6.55598,47231634492
78.5669,12728,3.7594,99,42,68,2406,1000,2.9696,144,6.55598,47331706673
76.9112,13002,5.11571,99,42,68,2405,1000,2.96765,146,6.55598,47431779593
69.6573,14356,5.11571,99,42,68,2405,1000,2.96765,146,6.55598,47531852824
66.778,14975,5.11571,99,42,68,2405,1000,2.96765,146,6.55598,47631926135
67.4855,14818,5.11571,99,42,68,2405,1000,2.96765,146,6.55598,47731996786
61.2332,16331,5.11571,99,42,68,2405,1000,2.96765,146,6.55598,47832070687
67.1998,14881,4.03423,99,41,68,2403,1000,2.96765,145,6.55521,47932143878
77.2917,12938,4.03423,99,41,68,2403,1000,2.96765,145,6.55521,48032217559
82.2301,12161,4.03423,99,41,68,2403,1000,2.96765,145,6.55521,48132290760
70.6814,14148,4.03423,99,41,68,2403,1000,2.96765,145,6.55521,48232362121
85.7265,11665,4.03423,99,41,68,2403,1000,2.96765,145,6.55521,48332433092
76.4,13089,3.36239,99,41,68,2404,1000,2.9696,145,6.55537,48432506153
79.1954,12627,3.36239,99,41,68,2404,1000,2.9696,145,6.55537,48532579734
74.9738,13338,3.36239,99,41,68,2404,1000,2.9696,145,6.55537,48632653534
67.4673,14822,3.36239,99,41,68,2404,1000,2.9696,145,6.55537,48732725755
67.6636,14779,3.36239,99,41,68,2404,1000,2.9696,145,6.55537,48832798206
65.0195,15380,3.52201,99,41,68,2397,1000,2.96765,142,6.55775,48932871657
66.2954,15084,3.52201,99,41,68,2397,1000,2.96765,142,6.55775,49032944428
66.0502,15140,3.52201,99,41,68,2397,1000,2.96765,142,6.55775,49133017599
77.2678,12942,3.52201,99,41,68,2397,1000,2.96765,142,6.55775,49233087380
73.7191,13565,3.52201,99,41,68,2397,1000,2.96765,142,6.55775,49333155691
72.5689,13780,3.82244,99,41,68,2406,1000,2.9696,145,6.55793,49433222572
82.9807,12051,3.82244,99,41,68,2406,1000,2.9696,145,6.55793,49533293883
75.4432,13255,3.82244,99,41,68,2406,1000,2.9696,145,6.55793,49633362584
72.1605,13858,3.82244,99,41,68,2406,1000,2.9696,145,6.55793,49733431134
78.235,12782,3.82244,99,41,68,2406,1000,2.9696,145,6.55793,49833499135
79.2142,12624,4.97573,99,41,68,2398,1000,2.9696,141,6.55792,49933567466
76.6989,13038,4.97573,99,41,68,2398,1000,2.9696,141,6.55792,50033635917
68.0318,14699,4.97573,99,41,68,2398,1000,2.9696,141,6.55792,50133707978
68.5448,14589,4.97573,99,41,68,2398,1000,2.9696,141,6.55792,50233780569
67.9071,14726,4.97573,99,41,68,2398,1000,2.9696,141,6.55792,50333849390
68.5965,14578,4.37956,99,41,68,2403,1000,2.96765,144,6.55792,50433922551
62.9366,15889,4.37956,99,41,68,2403,1000,2.96765,144,6.55792,50533990952
68.7569,14544,4.37956,99,41,68,2403,1000,2.96765,144,6.55792,50634063513
72.49,13795,4.37956,99,41,68,2403,1000,2.96765,144,6.55792,50734131934
78.9889,12660,4.37956,99,41,68,2403,1000,2.96765,144,6.55792,50834200435
73.046,13690,3.32103,99,40,68,2403,1000,2.96765,145,6.55816,50934267755
70.3433,14216,3.32103,99,40,68,2403,1000,2.96765,145,6.55816,51034340756
76.8758,13008,3.32103,99,40,68,2403,1000,2.96765,145,6.55816,51134408817
72.8704,13723,3.32103,99,40,68,2403,1000,2.96765,145,6.55816,51234476698
72.1605,13858,3.32103,99,40,68,2403,1000,2.96765,145,6.55816,51334544019
81.3802,12288,4.05904,99,40,68,2396,1000,2.9696,142,6.55614,51434613420
68.7002,14556,4.05904,99,40,68,2396,1000,2.9696,142,6.55614,51534681561
67.1953,14882,4.05904,99,40,68,2396,1000,2.9696,142,6.55614,51634748662
67.6865,14774,4.05904,99,40,68,2396,1000,2.9696,142,6.55614,51734815923
64.4371,15519,4.05904,99,40,68,2396,1000,2.9696,142,6.55614,51834883874
75.6945,13211,4.05904,99,40,68,2396,1000,2.9696,142,6.55614,51934952375
70.8115,14122,4.47761,99,40,68,2396,1000,2.9696,142,6.55614,52035020635
75.9994,13158,4.47761,99,40,68,2396,1000,2.9696,142,6.55614,52135088576
72.1449,13861,4.47761,99,40,68,2396,1000,2.9696,142,6.55614,52235156947
71.0581,14073,4.47761,99,40,68,2396,1000,2.9696,142,6.55614,52335224118
85.063,11756,4.47761,99,40,68,2396,1000,2.9696,142,6.55614,52435291739
78.7898,12692,4.20272,99,40,68,2402,1000,2.9696,144,6.55638,52535360090
84.9329,11774,4.20272,99,40,68,2402,1000,2.9696,144,6.55638,52635428091
73.7953,13551,4.20272,99,40,68,2402,1000,2.9696,144,6.55638,52735495292
57.0809,17519,4.20272,99,40,68,2402,1000,2.9696,144,6.55638,52835563253
70.4374,14197,4.20272,99,40,68,2402,1000,2.9696,144,6.55638,52935631684
70.8969,14105,4.23412,99,40,68,2394,1000,2.9696,142,6.55687,53035700205
72.9661,13705,4.23412,99,40,68,2394,1000,2.9696,142,6.55687,53135768086
85.3825,11712,4.23412,99,40,68,2394,1000,2.9696,142,6.55687,53235836056
84.0195,11902,4.23412,99,40,68,2394,1000,2.9696,142,6.55687,53335903357
84.0831,11893,4.23412,99,40,68,2394,1000,2.9696,142,6.55687,53435970718
81.5195,12267,3.92638,99,40,68,2405,1000,2.9696,143,6.55638,53536041259
80.4182,12435,3.92638,99,40,68,2405,1000,2.9696,143,6.55638,53636109660
78.2779,12775,3.92638,99,40,68,2405,1000,2.9696,143,6.55638,53736178251
76.8462,13013,3.92638,99,40,68,2405,1000,2.9696,143,6.55638,53836245862
75.0638,13322,3.92638,99,40,68,2405,1000,2.9696,143,6.55638,53936313043
86.6852,11536,4.125,99,40,68,2398,1000,2.9696,143,6.55377,54036379864
77.6397,12880,4.125,99,40,68,2398,1000,2.9696,143,6.55377,54136448265
70.5517,14174,4.125,99,40,68,2398,1000,2.9696,143,6.55377,54236515866
69.8032,14326,4.125,99,40,68,2398,1000,2.9696,143,6.55377,54336584036
62.461,16010,4.125,99,40,68,2398,1000,2.9696,143,6.55377,54436652017
67.0511,14914,4.63659,99,40,68,2398,1000,2.9696,141,6.55353,54536718488
65.1805,15342,4.63659,99,40,68,2398,1000,2.9696,141,6.55353,54636786299
64.8845,15412,4.63659,99,40,68,2398,1000,2.9696,141,6.55353,54736857680
66.2252,15100,4.63659,99,40,68,2398,1000,2.9696,141,6.55353,54836926111
68.6153,14574,4.63659,99,40,68,2398,1000,2.9696,141,6.55353,54936994482
80.6907,12393,4.06404,99,40,68,2400,1000,2.9696,143,6.55374,55037062733
81.646,12248,4.06404,99,40,68,2400,1000,2.9696,143,6.55374,55137130054
84.5094,11833,4.06404,99,40,68,2400,1000,2.9696,143,6.55374,55237197635
76.5052,13071,4.06404,99,40,68,2400,1000,2.9696,143,6.55374,55337265146
79.3903,12596,4.06404,99,40,68,2400,1000,2.9696,143,6.55374,55437332807
75.4774,13249,4.15648,99,40,68,2402,1000,2.9696,145,6.55422,55537400787
72.5216,13789,4.15648,99,40,68,2402,1000,2.9696,145,6.55422,55637468908
75.3807,13266,4.15648,99,40,68,2402,1000,2.9696,145,6.55422,55737537169
75.4091,13261,4.15648,99,40,68,2402,1000,2.9696,145,6.55422,55837603680
74.5212,13419,4.15648,99,40,68,2402,1000,2.9696,145,6.55422,55937671041
72.1605,13858,4.59627,99,40,68,2396,1000,2.9696,141,6.55047,56037738442
68.7096,14554,4.59627,99,40,68,2396,1000,2.9696,141,6.55047,56137805963
62.8259,15917,4.59627,99,40,68,2396,1000,2.9696,141,6.55047,56237874914
64.0861,15604,4.59627,99,40,68,2396,1000,2.9696,141,6.55047,56337958415
64.8382,15423,4.59627,99,40,68,2396,1000,2.9696,141,6.55047,56438041146
65.8545,15185,4.14634,99,40,68,2400,1000,2.96765,143,6.55168,56538111357
66.212,15103,4.14634,99,40,68,2400,1000,2.96765,143,6.55168,56638178887
64.9984,15385,4.14634,99,40,68,2400,1000,2.96765,143,6.55168,56738246878
65.9805,15156,4.14634,99,40,68,2400,1000,2.96765,143,6.55168,56838314779
69.735,14340,4.14634,99,40,68,2400,1000,2.96765,143,6.55168,56938382770
63.2551,15809,3.44828,99,40,68,2403,1000,2.96765,145,6.55136,57038449721
63.3955,15774,3.44828,99,40,68,2403,1000,2.96765,145,6.55136,57138517192
66.9882,14928,3.44828,99,40,68,2403,1000,2.96765,145,6.55136,57238584543
72.759,13744,3.44828,99,40,68,2403,1000,2.96765,145,6.55136,57338652844
73.9809,13517,3.44828,99,40,68,2403,1000,2.96765,145,6.55136,57438720805
73.5186,13602,3.83663,99,40,68,2404,1000,2.96765,146,6.55136,57538788826
78.3822,12758,3.83663,99,40,68,2404,1000,2.96765,146,6.55136,57638857007
80.289,12455,3.83663,99,40,68,2404,1000,2.96765,146,6.55136,57738923488
78.883,12677,3.83663,99,40,68,2404,1000,2.96765,146,6.55136,57838990528
64.3874,15531,3.83663,99,40,68,2404,1000,2.96765,146,6.55136,57939057849
58.6063,17063,4.41718,99,40,68,2399,1000,2.9696,145,6.55184,58039126080
62.6841,15953,4.41718,99,40,68,2399,1000,2.9696,145,6.55184,58139193601
59.5486,16793,4.41718,99,40,68,2399,1000,2.9696,145,6.55184,58239260272
64.8088,15430,4.41718,99,40,68,2399,1000,2.9696,145,6.55184,58339328143
69.512,14386,4.41718,99,40,68,2399,1000,2.9696,145,6.55184,58439395214
71.5768,13971,3.47826,99,40,68,2401,1000,2.96765,142,6.55184,58539463115
73.4808,13609,3.47826,99,40,68,2401,1000,2.96765,142,6.55184,58639530536
76.8994,13004,3.47826,99,40,68,2401,1000,2.96765,142,6.55184,58739597877
76.9764,12991,3.47826,99,40,68,2401,1000,2.96765,142,6.55184,58839665408
78.7588,12697,3.47826,99,40,68,2401,1000,2.96765,142,6.55184,58939731388
82.8775,12066,3.12891,99,40,68,2402,1000,2.9696,145,6.55184,59039797679
80.9782,12349,3.12891,99,40,68,2402,1000,2.9696,145,6.55184,59139865110
73.497,13606,3.12891,99,40,68,2402,1000,2.9696,145,6.55184,59239932171
84.2673,11867,3.12891,99,40,68,2402,1000,2.9696,145,6.55184,59339999902
66.313,15080,3.12891,99,40,68,2402,1000,2.9696,145,6.55184,59440067583
69.0608,14480,3.12891,99,40,68,2402,1000,2.9696,145,6.55184,59540135644
72.8916,13719,3.65854,99,40,68,2399,1000,2.9696,141,6.55184,59640203105
84.9834,11767,3.65854,99,40,68,2399,1000,2.9696,141,6.55184,59740270356
84.4595,11840,3.65854,99,40,68,2399,1000,2.9696,141,6.55184,59840337647
85.9919,11629,3.65854,99,40,68,2399,1000,2.9696,141,6.55184,59940403278
81.1952,12316,3.65854,99,40,68,2399,1000,2.9696,141,6.55184,60040470359
80.952,12353,3.32922,99,40,68,2402,1000,2.9696,144,6.55208,60140538019
75.0356,13327,3.32922,99,40,68,2402,1000,2.9696,144,6.55208,60240604850
69.979,14290,3.32922,99,40,68,2402,1000,2.9696,144,6.55208,60340672211
75.5972,13228,3.32922,99,40,68,2402,1000,2.9696,144,6.55208,60440739092
74.5601,13412,3.32922,99,40,68,2402,1000,2.9696,144,6.55208,60540806883
56.8376,17594,3.375,99,40,68,2395,1000,2.9696,141,6.55208,60640874194
65.716,15217,3.375,99,40,68,2395,1000,2.9696,141,6.55208,60740941525
65.304,15313,3.375,99,40,68,2395,1000,2.9696,141,6.55208,60841008576
65.6599,15230,3.375,99,40,68,2395,1000,2.9696,141,6.55208,60941076277
81.7862,12227,3.375,99,40,68,2395,1000,2.9696,141,6.55208,61041143748
79.5672,12568,4.52323,99,40,68,2401,1000,2.96765,144,6.55256,61141210989
75.8093,13191,4.52323,99,40,68,2401,1000,2.96765,144,6.55256,61241278600
74.6102,13403,4.52323,99,40,68,2401,1000,2.96765,144,6.55256,61341347180
79.0514,12650,4.52323,99,40,68,2401,1000,2.96765,144,6.55256,61441414661
76.5111,13070,4.52323,99,40,68,2401,1000,2.96765,144,6.55256,61541484312
70.8366,14117,3.81773,99,40,68,2395,1000,2.9696,143,6.55841,61641551483
67.6911,14773,3.81773,99,40,68,2395,1000,2.9696,143,6.55841,61741618164
74.5212,13419,3.81773,99,40,68,2395,1000,2.9696,143,6.55841,61841699775
73.3353,13636,3.81773,99,40,68,2395,1000,2.9696,143,6.55841,61941766656
73.9044,13531,3.81773,99,40,68,2395,1000,2.9696,143,6.55841,62041833557
76.0225,13154,2.97767,99,40,68,2395,1000,2.96765,141,6.55676,62141900738
78.5114,12737,2.97767,99,40,68,2395,1000,2.96765,141,6.55676,62241966569
79.6242,12559,2.97767,99,40,68,2395,1000,2.96765,141,6.55676,62342033770
81.5661,12260,2.97767,99,40,68,2395,1000,2.96765,141,6.55676,62442100160
66.6622,15001,2.97767,99,40,68,2395,1000,2.96765,141,6.55676,62542150531
65.2146,15334,3.60248,99,40,68,2396,1000,2.9696,142,6.55895,62642218432
65.9761,15157,3.60248,99,40,68,2396,1000,2.9696,142,6.55895,62742286813
67.0062,14924,3.60248,99,40,68,2396,1000,2.9696,142,6.55895,62842354234
73.244,13653,3.60248,99,40,68,2396,1000,2.9696,142,6.55895,62942436485
75.6372,13221,3.60248,99,40,68,2396,1000,2.9696,142,6.55895,63042517576
73.5564,13595,3.59356,99,40,68,2402,1000,2.96765,143,6.55919,63142594037
65.3509,15302,3.59356,99,40,68,2402,1000,2.96765,143,6.55919,63242662048
66.9748,14931,3.59356,99,40,68,2402,1000,2.96765,143,6.55919,63342730269
64.3376,15543,3.59356,99,40,68,2402,1000,2.96765,143,6.55919,63442796620
63.2151,15819,3.59356,99,40,68,2402,1000,2.96765,143,6.55919,63542864091
87.146,11475,4.7503,99,41,68,2394,1000,2.96765,143,6.56112,63642931511
82.6583,12098,4.7503,99,41,68,2394,1000,2.96765,143,6.56112,63742998762
88.8652,11253,4.7503,99,41,68,2394,1000,2.96765,143,6.56112,63843065433
86.5426,11555,4.7503,99,41,68,2394,1000,2.96765,143,6.56112,63943131494
91.3242,10950,4.7503,99,41,68,2394,1000,2.96765,143,6.56112,64043198025
83.4516,11983,3.46535,99,41,68,2396,1000,2.9696,143,6.55945,64143260956
88.4173,11310,3.46535,99,41,68,2396,1000,2.9696,143,6.55945,64243320887
83.9842,11907,3.46535,99,41,68,2396,1000,2.9696,143,6.55945,64343387228
79.8913,12517,3.46535,99,41,68,2396,1000,2.9696,143,6.55945,64443453359
82.291,12152,3.46535,99,41,68,2396,1000,2.9696,143,6.55945,64543518560
74.1235,13491,3.70828,99,40,68,2393,1000,2.9696,140,6.55873,64643585731
78.2963,12772,3.70828,99,40,68,2393,1000,2.9696,140,6.55873,64743646171
74.2446,13469,3.70828,99,40,68,2393,1000,2.9696,140,6.55873,64843712272
68.9845,14496,3.70828,99,40,68,2393,1000,2.9696,140,6.55873,64943777993
61.8238,16175,3.70828,99,40,68,2393,1000,2.9696,140,6.55873,65043845424
63.7064,15697,3.22581,99,41,69,2392,1000,2.96765,142,6.55898,65143912145
64.2302,15569,3.22581,99,41,69,2392,1000,2.96765,142,6.55898,65243994436
68.7853,14538,3.22581,99,41,69,2392,1000,2.96765,142,6.55898,65344072357
81.4598,12276,3.22581,99,41,69,2392,1000,2.96765,142,6.55898,65444139428
81.4531,12277,3.22581,99,41,69,2392,1000,2.96765,142,6.55898,65544204619
78.5916,12724,4.33705,99,41,68,2403,1000,2.96765,146,6.55922,65644271590
67.6087,14791,4.33705,99,41,68,2403,1000,2.96765,146,6.55922,65744337981
64.5494,15492,4.33705,99,41,68,2403,1000,2.96765,146,6.55922,65844404452
68.861,14522,4.33705,99,41,68,2403,1000,2.96765,146,6.55922,65944471112
61.3911,16289,4.33705,99,41,68,2403,1000,2.96765,146,6.55922,66044538143
71.1794,14049,3.87985,99,41,68,2402,1000,2.96765,144,6.5605,66144604794
74.5768,13409,3.87985,99,41,68,2402,1000,2.96765,144,6.5605,66244672145
73.7735,13555,3.87985,99,41,68,2402,1000,2.96765,144,6.5605,66344737896
72.1241,13865,3.87985,99,41,68,2402,1000,2.96765,144,6.5605,66444799427
80.6322,12402,3.87985,99,41,68,2402,1000,2.96765,144,6.5605,66544866638
82.6583,12098,4.92611,99,43,68,2392,1000,2.9696,143,6.5621,66644933559
78.883,12677,4.92611,99,43,68,2392,1000,2.9696,143,6.5621,66745000550
85.8738,11645,4.92611,99,43,68,2392,1000,2.9696,143,6.5621,66845066311
87.4049,11441,4.92611,99,43,68,2392,1000,2.9696,143,6.5621,66945133262
84.2176,11874,4.92611,99,43,68,2392,1000,2.9696,143,6.5621,67045200092
83.9419,11913,2.98137,99,43,68,2392,1000,2.9696,140,6.55999,67145265953
82.1895,12167,2.98137,99,43,68,2392,1000,2.9696,140,6.55999,67245332634
67.1682,14888,2.98137,99,43,68,2392,1000,2.9696,140,6.55999,67345399505
62.5195,15995,2.98137,99,43,68,2392,1000,2.9696,140,6.55999,67445466836
64.7878,15435,2.98137,99,43,68,2392,1000,2.9696,140,6.55999,67545533127
59.7943,16724,2.98137,99,43,68,2392,1000,2.9696,140,6.55999,67645601698
64.2508,15564,3.8835,99,42,68,2398,1000,2.9696,142,6.55913,67745683939
62.8773,15904,3.8835,99,42,68,2398,1000,2.9696,142,6.55913,67845766100
69.4686,14395,3.8835,99,42,68,2398,1000,2.9696,142,6.55913,67945847791
72.0929,13871,3.8835,99,42,68,2398,1000,2.9696,142,6.55913,68045929512
74.2942,13460,3.8835,99,42,68,2398,1000,2.9696,142,6.55913,68146011173
64.7501,15444,3.38346,99,42,68,2399,1000,2.96765,145,6.55907,68246093383
76.1441,13133,3.38346,99,42,68,2399,1000,2.96765,145,6.55907,68346156304
76.9231,13000,3.38346,99,42,68,2399,1000,2.96765,145,6.55907,68446226125
71.8184,13924,3.38346,99,42,68,2399,1000,2.96765,145,6.55907,68546293576
73.73,13563,3.38346,99,42,68,2399,1000,2.96765,145,6.55907,68646374847
80.3923,12439,3.32922,99,42,68,2394,1000,2.96765,143,6.55842,68746455998
79.8212,12528,3.32922,99,42,68,2394,1000,2.96765,143,6.55842,68846537149
80.8669,12366,3.32922,99,42,68,2394,1000,2.96765,143,6.55842,68946618660
77.9059,12836,3.32922,99,42,68,2394,1000,2.96765,143,6.55842,69046701201
85.5359,11691,3.32922,99,42,68,2394,1000,2.96765,143,6.55842,69146782512
84.4309,11844,3.2419,99,42,68,2391,1000,2.9696,141,6.55885,69246863563
83.71,11946,3.2419,99,42,68,2391,1000,2.9696,141,6.55885,69346930613
86.0141,11626,3.2419,99,42,68,2391,1000,2.9696,141,6.55885,69447007994
86.2515,11594,3.2419,99,42,68,2391,1000,2.9696,141,6.55885,69547089765
88.6289,11283,3.2419,99,42,68,2391,1000,2.9696,141,6.55885,69647156656
72.5163,13790,4.33705,99,42,68,2395,1000,2.9696,141,6.55928,69747223147
84.2886,11864,4.33705,99,42,68,2395,1000,2.9696,141,6.55928,69847289338
87.9585,11369,4.33705,99,42,68,2395,1000,2.9696,141,6.55928,69947354739
77.5555,12894,4.33705,99,42,68,2395,1000,2.9696,141,6.55928,70047422260
59.891,16697,4.33705,99,42,68,2395,1000,2.9696,141,6.55928,70147488861
60.35,16570,3.25815,99,42,68,2398,1000,2.9696,141,6.55952,70247555442
60.5694,16510,3.25815,99,42,68,2398,1000,2.9696,141,6.55952,70347622163
61.0538,16379,3.25815,99,42,68,2398,1000,2.9696,141,6.55952,70447689884
61.6827,16212,3.25815,99,42,68,2398,1000,2.9696,141,6.55952,70547756914
66.2954,15084,3.25815,99,42,68,2398,1000,2.9696,141,6.55952,70647834575
70.3235,14220,3.89447,99,42,68,2399,1000,2.96765,145,6.55772,70747900786
72.59,13776,3.89447,99,42,68,2399,1000,2.96765,145,6.55772,70847967427
73.2172,13658,3.89447,99,42,68,2399,1000,2.96765,145,6.55772,70948034108
70.0084,14284,3.89447,99,42,68,2399,1000,2.96765,145,6.55772,71048100819
73.7572,13558,3.89447,99,42,68,2399,1000,2.96765,145,6.55772,71148167830
63.9182,15645,3.38346,99,42,68,2394,1000,2.96765,143,6.55584,71248235031
72.1917,13852,3.38346,99,42,68,2394,1000,2.96765,143,6.55584,71348303932
69.735,14340,3.38346,99,42,68,2394,1000,2.96765,143,6.55584,71448370743
58.0417,17229,3.38346,99,42,68,2394,1000,2.96765,143,6.55584,71548437864
60.8828,16425,3.38346,99,42,68,2394,1000,2.96765,143,6.55584,71648505134
61.8276,16174,3.08261,99,42,68,2395,1000,2.96765,142,6.55722,71748571765
59.4884,16810,3.08261,99,42,68,2395,1000,2.96765,142,6.55722,71848638556
58.0788,17218,3.08261,99,42,68,2395,1000,2.96765,142,6.55722,71948704837
69.3818,14413,3.08261,99,42,68,2395,1000,2.96765,142,6.55722,72048771628
63.7024,15698,3.08261,99,42,68,2395,1000,2.96765,142,6.55722,72148838659
70.0182,14282,3.7037,99,41,68,2398,1000,2.96765,144,6.5604,72248905200
80.6907,12393,3.7037,99,41,68,2398,1000,2.96765,144,6.5604,72348971141
78.3024,12771,3.7037,99,41,68,2398,1000,2.96765,144,6.5604,72449037072
75.0244,13329,3.7037,99,41,68,2398,1000,2.96765,144,6.5604,72549104163
74.7049,13386,3.7037,99,41,68,2398,1000,2.96765,144,6.5604,72649170954
68.4229,14615,3.9072,99,41,68,2398,1000,2.9696,144,6.56055,72749237465
71.3267,14020,3.9072,99,41,68,2398,1000,2.9696,144,6.56055,72849303615
68.1245,14679,3.9072,99,41,68,2398,1000,2.9696,144,6.56055,72949369686
70.7264,14139,3.9072,99,41,68,2398,1000,2.9696,144,6.56055,73049435937
72.5426,13785,3.9072,99,41,68,2398,1000,2.9696,144,6.56055,73149502288
69.0179,14489,3.00375,99,41,68,2394,1000,2.9696,140,6.55922,73249568739
67.5083,14813,3.00375,99,41,68,2394,1000,2.9696,140,6.55922,73349635380
57.8771,17278,3.00375,99,41,68,2394,1000,2.9696,140,6.55922,73449701631
58.7268,17028,3.00375,99,41,68,2394,1000,2.9696,140,6.55922,73549767912
59.0493,16935,3.00375,99,41,68,2394,1000,2.9696,140,6.55922,73649834783
60.9793,16399,3.58467,99,41,68,2395,1000,2.96765,141,6.55926,73749901884
58.3499,17138,3.58467,99,41,68,2395,1000,2.96765,141,6.55926,73849967695
58.7165,17031,3.58467,99,41,68,2395,1000,2.96765,141,6.55926,73950034246
64.1643,15585,3.58467,99,41,68,2395,1000,2.96765,141,6.55926,74050100086
60.7238,16468,3.58467,99,41,68,2395,1000,2.96765,141,6.55926,74150119027
67.5311,14808,3.61596,99,41,69,2398,1000,2.96765,144,6.55569,74250184188
79.5608,12569,3.61596,99,41,69,2398,1000,2.96765,144,6.55569,74350248869
66.8673,14955,3.61596,99,41,69,2398,1000,2.96765,144,6.55569,74450315130
74.0905,13497,3.61596,99,41,69,2398,1000,2.96765,144,6.55569,74550382511
70.8466,14115,3.61596,99,41,69,2398,1000,2.96765,144,6.55569,74650448802
70.8416,14116,3.07882,99,41,68,2400,1000,2.9696,145,6.5535,74750514563
69.3626,14417,3.07882,99,41,68,2400,1000,2.9696,145,6.5535,74850581144
61.2933,16315,3.07882,99,41,68,2400,1000,2.9696,145,6.5535,74950647995
62.6488,15962,3.07882,99,41,68,2400,1000,2.9696,145,6.5535,75050728816
63.8651,15658,3.07882,99,41,68,2400,1000,2.9696,145,6.5535,75150810526
62.4454,16014,3.60248,99,41,68,2392,1000,2.9696,140,6.5559,75250892117
63.6011,15723,3.60248,99,41,68,2392,1000,2.9696,140,6.5559,75350973778
61.6029,16233,3.60248,99,41,68,2392,1000,2.9696,140,6.5559,75451041339
55.8972,17890,3.60248,99,41,68,2392,1000,2.9696,140,6.5559,75551107490
55.1146,18144,3.60248,99,41,68,2392,1000,2.9696,140,6.5559,75651173251
63.2751,15804,4.20792,99,42,68,2398,1000,2.96765,144,6.55977,75751239332
71.8649,13915,4.20792,99,42,68,2398,1000,2.96765,144,6.55977,75851305033
70.1804,14249,4.20792,99,42,68,2398,1000,2.96765,144,6.55977,75951371574
71.6795,13951,4.20792,99,42,68,2398,1000,2.96765,144,6.55977,76051438005
76.0167,13155,4.20792,99,42,68,2398,1000,2.96765,144,6.55977,76151505046
79.2205,12623,2.86783,99,42,68,2396,1000,2.9696,145,6.56013,76251570657
79.0826,12645,2.86783,99,42,68,2396,1000,2.9696,145,6.56013,76351637457
76.3359,13100,2.86783,99,42,68,2396,1000,2.9696,145,6.56013,76451704008
63.8081,15672,2.86783,99,42,68,2396,1000,2.9696,145,6.56013,76551771239
61.8965,16156,2.86783,99,42,68,2396,1000,2.9696,145,6.56013,76651840480
62.9366,15889,2.86783,99,42,68,2396,1000,2.9696,145,6.56013,76751907781
62.0424,16118,4.52876,99,42,68,2391,1000,2.9696,141,6.55915,76851974222
62.1929,16079,4.52876,99,42,68,2391,1000,2.9696,141,6.55915,76952040943
60.2773,16590,4.52876,99,42,68,2391,1000,2.9696,141,6.55915,77052106974
73.5402,13598,4.52876,99,42,68,2391,1000,2.9696,141,6.55915,77152173795
69.8373,14319,4.52876,99,42,68,2391,1000,2.9696,141,6.55915,77252239576
73.9536,13522,3.79902,99,42,68,2399,1000,2.96765,143,6.56095,77352305957
71.9632,13896,3.79902,99,42,68,2399,1000,2.96765,143,6.56095,77452372527
68.8563,14523,3.79902,99,42,68,2399,1000,2.96765,143,6.56095,77552438708
75.9936,13159,3.79902,99,42,68,2399,1000,2.96765,143,6.56095,77652507139
80.9389,12355,3.79902,99,42,68,2399,1000,2.96765,143,6.56095,77752573030
88.6132,11285,3.25,99,42,68,2396,1000,2.9696,144,6.56116,77852639591
72.8969,13718,3.25,99,42,68,2396,1000,2.9696,144,6.56116,77952704642
80.1732,12473,3.25,99,42,68,2396,1000,2.9696,144,6.56116,78052769383
83.2986,12005,3.25,99,42,68,2396,1000,2.9696,144,6.56116,78152835234
81.2282,12311,3.25,99,42,68,2396,1000,2.9696,144,6.56116,78252900905
63.8081,15672,3.07125,99,41,68,2388,1000,2.9696,140,6.56149,78352966766
63.1353,15839,3.07125,99,41,68,2388,1000,2.9696,140,6.56149,78453033047
58.524,17087,3.07125,99,41,68,2388,1000,2.9696,140,6.56149,78553098798
60.0817,16644,3.07125,99,41,68,2388,1000,2.9696,140,6.56149,78653165408
57.8102,17298,3.07125,99,41,68,2388,1000,2.9696,140,6.56149,78753231349
61.5839,16238,4.61165,99,41,68,2398,1000,2.96765,141,6.56182,78853296950
61.7551,16193,4.61165,99,41,68,2398,1000,2.96765,141,6.56182,78953362651
64.1643,15585,4.61165,99,41,68,2398,1000,2.96765,141,6.56182,79053428702
72.7908,13738,4.61165,99,41,68,2398,1000,2.96765,141,6.56182,79153494303
76.7695,13026,4.61165,99,41,68,2398,1000,2.96765,141,6.56182,79253558954
77.7363,12864,3.34572,99,41,68,2400,1000,2.9696,145,6.56207,79353624735
67.3446,14849,3.34572,99,41,68,2400,1000,2.9696,145,6.56207,79453689286
73.9153,13529,3.34572,99,41,68,2400,1000,2.9696,145,6.56207,79553754737
58.751,17021,3.34572,99,41,68,2400,1000,2.9696,145,6.56207,79653820568
58.3363,17142,3.34572,99,41,68,2400,1000,2.9696,145,6.56207,79753886839
67.838,14741,3.30073,99,41,68,2392,1000,2.9696,142,6.56377,79853952359
69.2569,14439,3.30073,99,41,68,2392,1000,2.9696,142,6.56377,79954017020
74.2005,13477,3.30073,99,41,68,2392,1000,2.9696,142,6.56377,80054088681
70.7965,14125,3.30073,99,41,68,2392,1000,2.9696,142,6.56377,80154153652
61.3497,16300,3.30073,99,41,68,2392,1000,2.9696,142,6.56377,80254219973
58.1801,17188,3.34988,99,41,68,2396,1000,2.9696,143,6.56397,80354270774
53.2907,18765,3.34988,99,41,68,2396,1000,2.9696,143,6.56397,80454337565
60.4084,16554,3.34988,99,41,68,2396,1000,2.9696,143,6.56397,80554404486
56.2873,17766,3.34988,99,41,68,2396,1000,2.9696,143,6.56397,80654471137
63.7552,15685,3.34988,99,41,68,2396,1000,2.9696,143,6.56397,80754536988
73.7354,13562,4.38048,99,41,68,2396,1000,2.9696,143,6.56451,80854571819
68.278,14646,4.38048,99,41,68,2396,1000,2.9696,143,6.56451,80954631939
58.3976,17124,4.38048,99,41,68,2396,1000,2.9696,143,6.56451,81054698770
57.2541,17466,4.38048,99,41,68,2396,1000,2.9696,143,6.56451,81154764271
65.0237,15379,4.38048,99,41,68,2396,1000,2.9696,143,6.56451,81254831372
60.4814,16534,3.63864,99,40,68,2394,1000,2.9696,143,6.56475,81354898073
74.0905,13497,3.63864,99,40,68,2394,1000,2.9696,143,6.56475,81454979014
73.3783,13628,3.63864,99,40,68,2394,1000,2.9696,143,6.56475,81555044645
82.3249,12147,3.63864,99,40,68,2394,1000,2.9696,143,6.56475,81655111466
84.2105,11875,3.63864,99,40,68,2394,1000,2.9696,143,6.56475,81755192537
77.9302,12832,4.40636,99,40,68,2395,1000,2.9696,143,6.56646,81855272998
77.0475,12979,4.40636,99,40,68,2395,1000,2.9696,143,6.56646,81955354189
68.292,14643,4.40636,99,40,68,2395,1000,2.9696,143,6.56646,82055420850
63.0001,15873,4.40636,99,40,68,2395,1000,2.9696,143,6.56646,82155487490
59.6588,16762,4.40636,99,40,68,2395,1000,2.9696,143,6.56646,82255554111
58.9727,16957,3.26223,99,40,68,2387,1000,2.9696,140,6.56423,82355620342
64.3542,15539,3.26223,99,40,68,2387,1000,2.9696,140,6.56423,82455687173
77.9727,12825,3.26223,99,40,68,2387,1000,2.9696,140,6.56423,82555753204
77.5014,12903,3.26223,99,40,68,2387,1000,2.9696,140,6.56423,82655819865
67.4036,14836,3.26223,99,40,68,2387,1000,2.9696,140,6.56423,82755885926
74.0028,13513,3.72671,99,40,68,2396,1000,2.9696,143,6.56624,82855952837
70.7814,14128,3.72671,99,40,68,2396,1000,2.9696,143,6.56624,82956018968
66.1157,15125,3.72671,99,40,68,2396,1000,2.9696,143,6.56624,83056085369
61.6599,16218,3.72671,99,40,68,2396,1000,2.9696,143,6.56624,83156150720
60.7718,16455,3.72671,99,40,68,2396,1000,2.9696,143,6.56624,83256217000
58.8997,16978,3.55828,99,40,68,2391,1000,2.9696,140,6.56566,83356282351
57.2377,17471,3.55828,99,40,68,2391,1000,2.9696,140,6.56566,83456348932
67.6498,14782,3.55828,99,40,68,2391,1000,2.9696,140,6.56566,83556416813
69.9692,14292,3.55828,99,40,68,2391,1000,2.9696,140,6.56566,83656483114
67.2857,14862,3.55828,99,40,68,2391,1000,2.9696,140,6.56566,83756549525
76.6695,13043,3.86052,99,40,68,2400,1000,2.9696,144,6.56134,83856614746
75.6144,13225,3.86052,99,40,68,2400,1000,2.9696,144,6.56134,83956680217
70.7314,14138,3.86052,99,40,68,2400,1000,2.9696,144,6.56134,84056761318
60.0204,16661,3.86052,99,40,68,2400,1000,2.9696,144,6.56134,84156837839
65.0703,15368,3.86052,99,40,68,2400,1000,2.9696,144,6.56134,84256914510
60.6097,16499,3.34988,99,40,68,2391,1000,2.9696,141,6.56138,84356980611
72.3903,13814,3.34988,99,40,68,2391,1000,2.9696,141,6.56138,84456999771
58.5686,17074,3.34988,99,40,68,2391,1000,2.9696,141,6.56138,84557058332
76.9882,12989,3.34988,99,40,68,2391,1000,2.9696,141,6.56138,84657124433
81.2546,12307,3.34988,99,40,68,2391,1000,2.9696,141,6.56138,84757184054
83.3125,12003,3.34988,99,40,68,2391,1000,2.9696,141,6.56138,84857241085
74.9963,13334,3.9555,99,40,68,2394,1000,2.9696,143,6.56142,84957298436
62.2549,16063,3.9555,99,40,68,2394,1000,2.9696,143,6.56142,85057357667
57.9979,17242,3.9555,99,40,68,2394,1000,2.9696,143,6.56142,85157415108
58.1971,17183,3.9555,99,40,68,2394,1000,2.9696,143,6.56142,85257475949
61.9195,16150,3.9555,99,40,68,2394,1000,2.9696,143,6.56142,85357536670
64.1643,15585,3.88471,99,40,68,2394,1000,2.9696,141,6.56117,85457601851
69.847,14317,3.88471,99,40,68,2394,1000,2.9696,141,6.56117,85557661562
73.5024,13605,3.88471,99,40,68,2394,1000,2.9696,141,6.56117,85657719102
72.8173,13733,3.88471,99,40,68,2394,1000,2.9696,141,6.56117,85757776593
70.5916,14166,3.88471,99,40,68,2394,1000,2.9696,141,6.56117,85857838694
71.6589,13955,3.7037,99,40,68,2397,1000,2.96765,145,6.56117,85957896375
69.2185,14447,3.7037,99,40,68,2397,1000,2.96765,145,6.56117,86057972296
70.7164,14141,3.7037,99,40,68,2397,1000,2.96765,145,6.56117,86158037547
71.0328,14078,3.7037,99,40,68,2397,1000,2.96765,145,6.56117,86258102288
63.8651,15658,3.7037,99,40,68,2397,1000,2.96765,145,6.56117,86358166489
58.9136,16974,3.1746,99,39,68,2390,1000,2.96765,141,6.56337,86458230870
58.6338,17055,3.1746,99,39,68,2390,1000,2.96765,141,6.56337,86558295311
57.1331,17503,3.1746,99,39,68,2390,1000,2.96765,141,6.56337,86658359522
77.4174,12917,3.1746,99,39,68,2390,1000,2.96765,141,6.56337,86758422482
70.5766,14169,3.1746,99,39,68,2390,1000,2.96765,141,6.56337,86858486373
69.5797,14372,3.59801,99,39,68,2396,1000,2.9696,143,6.56532,86958550044
73.6648,13575,3.59801,99,39,68,2396,1000,2.9696,143,6.56532,87058614745
68.2734,14647,3.59801,99,39,68,2396,1000,2.9696,143,6.56532,87158679156
65.3083,15312,3.59801,99,39,68,2396,1000,2.9696,143,6.56532,87258743127
65.9152,15171,3.59801,99,39,68,2396,1000,2.9696,143,6.56532,87358806618
64.4745,15510,3.11333,99,39,68,2390,1000,2.9696,140,6.56532,87458870599
61.6447,16222,3.11333,99,39,68,2390,1000,2.9696,140,6.56532,87558934590
56.7762,17613,3.11333,99,39,68,2390,1000,2.9696,140,6.56532,87658999341
58.9588,16961,3.11333,99,39,68,2390,1000,2.9696,140,6.56532,87759063802
64.156,15587,3.11333,99,39,68,2390,1000,2.9696,140,6.56532,87859129493
78.2963,12772,3.75,99,39,68,2396,1000,2.9696,143,6.56971,87959194123
68.7049,14555,3.75,99,39,68,2396,1000,2.9696,143,6.56971,88059258554
71.6435,13958,3.75,99,39,68,2396,1000,2.9696,143,6.56971,88159323085
68.9512,14503,3.75,99,39,68,2396,1000,2.9696,143,6.56971,88259400346
64.2426,15566,3.75,99,39,68,2396,1000,2.9696,143,6.56971,88359480967
66.6933,14994,3.97516,99,39,68,2390,1000,2.9696,141,6.56556,88459561388
65.2103,15335,3.97516,99,39,68,2390,1000,2.9696,141,6.56556,88559642249
63.2431,15812,3.97516,99,39,68,2390,1000,2.9696,141,6.56556,88659706600
73.7354,13562,3.97516,99,39,68,2390,1000,2.9696,141,6.56556,88759770451
67.7874,14752,3.97516,99,39,68,2390,1000,2.9696,141,6.56556,88859834252
67.0331,14918,3.05623,99,39,68,2391,1000,2.9696,141,6.5652,88959898233
59.0005,16949,3.05623,99,39,68,2391,1000,2.9696,141,6.5652,89059961464
58.5274,17086,3.05623,99,39,68,2391,1000,2.9696,141,6.5652,89160024794
55.8847,17894,3.05623,99,39,68,2391,1000,2.9696,141,6.5652,89260088175
57.5838,17366,3.05623,99,39,68,2391,1000,2.9696,141,6.5652,89360151596
58.7751,17014,5.36829,99,40,68,2394,1000,2.96765,143,6.56076,89460215337
70.9572,14093,5.36829,99,40,68,2394,1000,2.96765,143,6.56076,89560279668
76.558,13062,5.36829,99,40,68,2394,1000,2.96765,143,6.56076,89660343339
72.1605,13858,5.36829,99,40,68,2394,1000,2.96765,143,6.56076,89760407060
69.8763,14311,5.36829,99,40,68,2394,1000,2.96765,143,6.56076,89860470631
71.8701,13914,3,99,40,68,2393,1000,2.9696,142,6.56124,89960536392
68.899,14514,3,99,40,68,2393,1000,2.9696,142,6.56124,90060601903
66.1813,15110,3,99,40,68,2393,1000,2.9696,142,6.56124,90160665164
68.6106,14575,3,99,40,68,2393,1000,2.9696,142,6.56124,90260728974
67.5083,14813,3,99,40,68,2393,1000,2.9696,142,6.56124,90360792965
67.5584,14802,3.37079,99,39,68,2391,1000,2.9696,140,6.55872,90460856146
64.4662,15512,3.37079,99,39,68,2391,1000,2.9696,140,6.55872,90560919677
61.0612,16377,3.37079,99,39,68,2391,1000,2.9696,140,6.55872,90660983938
61.41,16284,3.37079,99,39,68,2391,1000,2.9696,140,6.55872,90761048679
59.5309,16798,3.37079,99,39,68,2391,1000,2.9696,140,6.55872,90861128870
56.9671,17554,4.8811,99,40,68,2396,1000,2.96765,143,6.55676,90961205121
58.326,17145,4.8811,99,40,68,2396,1000,2.96765,143,6.55676,91061285582
57.6369,17350,4.8811,99,40,68,2396,1000,2.96765,143,6.55676,91161366493
59.4283,16827,4.8811,99,40,68,2396,1000,2.96765,143,6.55676,91261444094
60.7866,16451,4.8811,99,40,68,2396,1000,2.96765,143,6.55676,91361509135
58.292,17155,4.25532,99,40,68,2399,1000,2.96765,145,6.55628,91461572605
59.2277,16884,4.25532,99,40,68,2399,1000,2.96765,145,6.55628,91561636196
59.4001,16835,4.25532,99,40,68,2399,1000,2.96765,145,6.55628,91661699907
55.5185,18012,4.25532,99,40,68,2399,1000,2.96765,145,6.55628,91761764368
69.9888,14288,4.25532,99,40,68,2399,1000,2.96765,145,6.55628,91861828339
78.2963,12772,4.31566,99,40,68,2396,1000,2.96765,144,6.55653,91961890320
73.2332,13655,4.31566,99,40,68,2396,1000,2.96765,144,6.55653,92061953891
71.7721,13933,4.31566,99,40,68,2396,1000,2.96765,144,6.55653,92162018152
69.8032,14326,4.31566,99,40,68,2396,1000,2.96765,144,6.55653,92262082053
75.4546,13253,4.31566,99,40,68,2396,1000,2.96765,144,6.55653,92362146124
70.5716,14170,3.34572,99,40,68,2393,1000,2.9696,140,6.5549,92462209915
73.8443,13542,3.34572,99,40,68,2393,1000,2.9696,140,6.5549,92562273356
68.686,14559,3.34572,99,40,68,2393,1000,2.9696,140,6.5549,92662336846
65.3894,15293,3.34572,99,40,68,2393,1000,2.9696,140,6.5549,92762400727
63.8733,15656,3.34572,99,40,68,2393,1000,2.9696,140,6.5549,92862477818
70.8767,14109,2.9703,99,39,68,2393,1000,2.9696,140,6.55539,92962542579
73.2118,13659,2.9703,99,39,68,2393,1000,2.9696,140,6.55539,93062607180
68.2035,14662,2.9703,99,39,68,2393,1000,2.9696,140,6.55539,93162671131
74.5156,13420,2.9703,99,39,68,2393,1000,2.9696,140,6.55539,93262735022
70.0084,14284,2.9703,99,39,68,2393,1000,2.9696,140,6.55539,93362798803
70.7714,14130,2.83951,99,39,68,2392,1000,2.9696,140,6.55514,93462861914
78.765,12696,2.83951,99,39,68,2392,1000,2.9696,140,6.55514,93562926105
71.7824,13931,2.83951,99,39,68,2392,1000,2.9696,140,6.55514,93662989386
82.2504,12158,2.83951,99,39,68,2392,1000,2.9696,140,6.55514,93763053406
75.4717,13250,2.83951,99,39,68,2392,1000,2.9696,140,6.55514,93863117227
73.9754,13518,2.83951,99,39,68,2392,1000,2.9696,140,6.55514,93963181168
59.4707,16815,3.08642,99,39,68,2390,1000,2.9696,140,6.55514,94063237239
56.4685,17709,3.08642,99,39,68,2390,1000,2.9696,140,6.55514,94163303140
70.0182,14282,3.08642,99,39,68,2390,1000,2.9696,140,6.55514,94263368921
79.8722,12520,3.08642,99,39,68,2390,1000,2.9696,140,6.55514,94363434562
78.7216,12703,3.08642,99,39,68,2390,1000,2.9696,140,6.55514,94463500653
72.3484,13822,3.47395,99,39,68,2392,1000,2.9696,140,6.55422,94563566204
77.7363,12864,3.47395,99,39,68,2392,1000,2.9696,140,6.55422,94663630025
74.5045,13422,3.47395,99,39,68,2392,1000,2.9696,140,6.55422,94763693986
70.1902,14247,3.47395,99,39,68,2392,1000,2.9696,140,6.55422,94863759367
67.4082,14835,3.47395,99,39,68,2392,1000,2.9696,140,6.55422,94963786467
65.0406,15375,4.6285,99,39,68,2395,1000,2.9696,143,6.55478,95063852038
64.2508,15564,4.6285,99,39,68,2395,1000,2.9696,143,6.55478,95163918139
68.4603,14607,4.6285,99,39,68,2395,1000,2.9696,143,6.55478,95263983040
58.5617,17076,4.6285,99,39,68,2395,1000,2.9696,143,6.55478,95364048711
56.035,17846,4.6285,99,39,68,2395,1000,2.9696,143,6.55478,95464114182
55.4847,18023,4.09938,99,39,68,2389,1000,2.9696,140,6.55526,95564178773
72.1137,13867,4.09938,99,39,68,2389,1000,2.9696,140,6.55526,95664244764
76.3417,13099,4.09938,99,39,68,2389,1000,2.9696,140,6.55526,95764310275
74.173,13482,4.09938,99,39,68,2389,1000,2.9696,140,6.55526,95864379526
71.4541,13995,4.09938,99,39,68,2389,1000,2.9696,140,6.55526,95964444887
72.0254,13884,3.34572,99,40,68,2396,1000,2.9696,143,6.55526,96064510218
67.2721,14865,3.34572,99,40,68,2396,1000,2.9696,143,6.55526,96164572378
66.454,15048,3.34572,99,40,68,2396,1000,2.9696,143,6.55526,96264632659
67.2585,14868,3.34572,99,40,68,2396,1000,2.9696,143,6.55526,96364692630
67.3083,14857,3.34572,99,40,68,2396,1000,2.9696,143,6.55526,96464769651
66.5823,15019,2.74657,99,40,68,2390,1000,2.9696,141,6.55526,96564836162
67.861,14736,2.74657,99,40,68,2390,1000,2.9696,141,6.55526,96664901713
67.7461,14761,2.74657,99,40,68,2390,1000,2.9696,141,6.55526,96764967444
67.9579,14715,2.74657,99,40,68,2390,1000,2.9696,141,6.55526,96865033095
70.4275,14199,2.74657,99,40,68,2390,1000,2.9696,141,6.55526,96965098216
68.7663,14542,3.60248,99,39,68,2390,1000,2.9696,140,6.55127,97065163767
67.9256,14722,3.60248,99,39,68,2390,1000,2.9696,140,6.55127,97165229608
69.9839,14289,3.60248,99,39,68,2390,1000,2.9696,140,6.55127,97265295758
69.9447,14297,3.60248,99,39,68,2390,1000,2.9696,140,6.55127,97365361199
70.6514,14154,3.60248,99,39,68,2390,1000,2.9696,140,6.55127,97465426300
83.5282,11972,3.18237,99,39,68,2392,1000,2.9696,140,6.55127,97565492331
71.3674,14012,3.18237,99,39,68,2392,1000,2.9696,140,6.55127,97665557492
71.5308,13980,3.18237,99,39,68,2392,1000,2.9696,140,6.55127,97765621553
72.9129,13715,3.18237,99,39,68,2392,1000,2.9696,140,6.55127,97865686984
71.6795,13951,3.18237,99,39,68,2392,1000,2.9696,140,6.55127,97965752645
74.096,13496,3.21782,99,39,68,2391,1000,3.00373,140,6.5537,98065818126
73.7735,13555,3.21782,99,39,68,2391,1000,3.00373,140,6.5537,98165883347
74.0686,13501,3.21782,99,39,68,2391,1000,3.00373,140,6.5537,98265943298
73.551,13596,3.21782,99,39,68,2391,1000,3.00373,140,6.5537,98366007669
72.6427,13766,3.21782,99,39,68,2391,1000,3.00373,140,6.5537,98466067019
73.8662,13538,3.77588,99,39,67,2393,1000,2.97015,140,6.5537,98566126340
71.8133,13925,3.77588,99,39,67,2393,1000,2.97015,140,6.5537,98666188871
75.815,13190,3.77588,99,39,67,2393,1000,2.97015,140,6.5537,98766248372
71.8494,13918,3.77588,99,39,67,2393,1000,2.97015,140,6.5537,98866312673
87.7116,11401,3.77588,99,39,67,2393,1000,2.97015,140,6.5537,98966373104
69.3049,14429,3.08261,99,39,68,2393,1000,2.97015,140,6.55192,99066434825
72.1293,13864,3.08261,99,39,68,2393,1000,2.97015,140,6.55192,99166496416
71.4286,14000,3.08261,99,39,68,2393,1000,2.97015,140,6.55192,99266556587
72.0254,13884,3.08261,99,39,68,2393,1000,2.97015,140,6.55192,99366619718
75.5287,13240,3.08261,99,39,68,2393,1000,2.97015,140,6.55192,99466680049
72.1241,13865,3.1941,99,39,68,2393,1000,2.97015,140,6.54973,99566739870
