os,cpu,gpu,ram,kernel,driver,cpuscheduler,  ,  ,  ,  , ,  ,  ,  ,  , 
Arch Linux,AMD Ryzen 7 5800X 8-Core Processor,Radeon RX 6700/6700 XT/6750 XT / 6800M/6850M XT,16300712,6.1.12-arch1-1,4.6 Mesa 22.3.6,schedutil,  ,  ,  ,  , 
fps,frametime,cpu_load,gpu_load,cpu_temp,gpu_temp,gpu_core_clock,gpu_mem_clock,gpu_vram_used,gpu_power,ram_used,elapsed
71.5154,13983,9.39431,97,68,62,2409,1000,2.86456,150,5.02448,366820986
74.0686,13501,9.39431,97,68,62,2409,1000,2.86456,150,5.02448,466880492
75.4489,13254,9.39431,97,68,62,2409,1000,2.86456,150,5.02448,566950428
45.5353,21961,9.39431,97,68,62,2409,1000,2.86456,150,5.02448,667009765
77.6036,12886,9.39431,97,68,62,2409,1000,2.86456,150,5.02448,767066601
72.3641,13819,9.39431,97,68,62,2409,1000,2.86456,150,5.02448,867125147
75.5458,13237,8.79802,99,67,62,2442,1000,2.93668,151,4.99305,967182953
68.1617,14671,8.79802,99,67,62,2442,1000,2.93668,151,4.99305,1067240789
68.6577,14565,8.79802,99,67,62,2442,1000,2.93668,151,4.99305,1167297716
73.046,13690,8.79802,99,67,62,2442,1000,2.93668,151,4.99305,1267390252
73.4808,13609,8.79802,99,67,62,2442,1000,2.93668,151,4.99305,1367447128
68.653,14566,5.26961,99,66,62,2434,1000,2.93668,149,4.99546,1467503714
175.009,5714,5.26961,99,66,62,2434,1000,2.93668,149,4.99546,1567560981
74.6993,13387,5.26961,99,66,62,2434,1000,2.93668,149,4.99546,1667618287
71.4286,14000,5.26961,99,66,62,2434,1000,2.93668,149,4.99546,1767675443
71.5615,13974,5.26961,99,66,62,2434,1000,2.93668,149,4.99546,1867732849
66.5735,15021,6.34146,99,64,62,2433,1000,2.93668,148,4.99837,1967789516
65.1508,15349,6.34146,99,64,62,2433,1000,2.93668,148,4.99837,2067847682
42.8064,23361,6.34146,99,64,62,2433,1000,2.93668,148,4.99837,2167904728
68.0967,14685,6.34146,99,64,62,2433,1000,2.93668,148,4.99837,2267962374
67.5128,14812,6.34146,99,64,62,2433,1000,2.93668,148,4.99837,2368020391
73.8443,13542,8.82353,99,64,63,2432,1000,2.87358,147,4.99933,2468078177
68.9941,14494,8.82353,99,64,63,2432,1000,2.87358,147,4.99933,2568134943
65.7549,15208,8.82353,99,64,63,2432,1000,2.87358,147,4.99933,2668191109
64.8677,15416,8.82353,99,64,63,2432,1000,2.87358,147,4.99933,2768249166
70.5866,14167,8.82353,99,64,63,2432,1000,2.87358,147,4.99933,2868306812
68.1617,14671,5.87515,99,62,62,2434,1000,2.87358,147,5.00005,2968363718
68.7238,14551,5.87515,99,62,62,2434,1000,2.87358,147,5.00005,3068375794
67.3446,14849,5.87515,99,62,62,2434,1000,2.87358,147,5.00005,3168433811
66.3218,15078,5.87515,99,62,62,2434,1000,2.87358,147,5.00005,3268490477
72.1553,13859,5.87515,99,62,62,2434,1000,2.87358,147,5.00005,3368548633
65.5566,15254,8.03461,99,62,63,2425,1000,2.8826,146,5.00414,3468606599
69.4203,14405,8.03461,99,62,63,2425,1000,2.8826,146,5.00414,3568665056
72.4533,13802,8.03461,99,62,63,2425,1000,2.8826,146,5.00414,3668725142
66.0197,15147,8.03461,99,62,63,2425,1000,2.8826,146,5.00414,3768782718
66.3482,15072,8.03461,99,62,63,2425,1000,2.8826,146,5.00414,3868825014
62.4688,16008,8.83085,98,61,63,2430,1000,2.88628,146,5.0106,3968883190
72.1293,13864,8.83085,98,61,63,2430,1000,2.88628,146,5.0106,4068941287
65.9109,15172,8.83085,98,61,63,2430,1000,2.88628,146,5.0106,4168999543
72.812,13734,8.83085,98,61,63,2430,1000,2.88628,146,5.0106,4269058299
72.0877,13872,8.83085,98,61,63,2430,1000,2.88628,146,5.0106,4369116745
65.9848,15155,6.24235,99,60,63,2423,1000,2.90431,146,5.0106,4469177762
70.2543,14234,6.24235,99,60,63,2423,1000,2.90431,146,5.0106,4569235728
89.7344,11144,6.24235,99,60,63,2423,1000,2.90431,146,5.0106,4669293014
68.5589,14586,6.24235,99,60,63,2423,1000,2.90431,146,5.0106,4769350700
68.3527,14630,6.24235,99,60,63,2423,1000,2.90431,146,5.0106,4869410937
78.0457,12813,39.3902,94,63,63,2291,1000,2.96291,141,5.0101,4969467773
74.7272,13382,39.3902,94,63,63,2291,1000,2.96291,141,5.0101,5069528049
20.1869,49537,39.3902,94,63,63,2291,1000,2.96291,141,5.0101,5169590285
63.1832,15827,39.3902,94,63,63,2291,1000,2.96291,141,5.0101,5269648712
60.9459,16408,39.3902,94,63,63,2291,1000,2.96291,141,5.0101,5369707238
69.2281,14445,40.22,95,65,63,2310,1000,2.98599,141,5.01351,5469768014
76.2893,13108,40.22,95,65,63,2310,1000,2.98599,141,5.01351,5569825850
69.2713,14436,40.22,95,65,63,2310,1000,2.98599,141,5.01351,5669885267
68.8942,14515,40.22,95,65,63,2310,1000,2.98599,141,5.01351,5769944943
68.9798,14497,40.22,95,65,63,2310,1000,2.98599,141,5.01351,5870004299
79.5545,12570,47.3292,98,68,63,2430,1000,2.98264,146,5.01921,5970063185
61.5006,16260,47.3292,98,68,63,2430,1000,2.98264,146,5.01921,6070124012
73.0087,13697,47.3292,98,68,63,2430,1000,2.98264,146,5.01921,6170183958
80.7168,12389,47.3292,98,68,63,2430,1000,2.98264,146,5.01921,6270241304
27.6587,36155,47.3292,98,68,63,2430,1000,2.98264,146,5.01921,6370311910
79.9616,12506,43.6498,96,69,63,2341,1000,3.00377,143,5.0229,6470371257
72.5216,13789,43.6498,96,69,63,2341,1000,3.00377,143,5.0229,6570429403
92.4642,10815,43.6498,96,69,63,2341,1000,3.00377,143,5.0229,6670489539
73.4214,13620,43.6498,96,69,63,2341,1000,3.00377,143,5.0229,6770549035
64.1519,15588,43.6498,96,69,63,2341,1000,3.00377,143,5.0229,6870615931
77.7001,12870,34.6348,94,70,63,2275,1000,3.01161,141,5.02505,6970673288
68.5119,14596,34.6348,94,70,63,2275,1000,3.01161,141,5.02505,7070732614
75.1767,13302,34.6348,94,70,63,2275,1000,3.01161,141,5.02505,7170790090
49.8008,20080,34.6348,94,70,63,2275,1000,3.01161,141,5.02505,7270849516
69.4637,14396,34.6348,94,70,63,2275,1000,3.01161,141,5.02505,7370907353
60.9496,16407,33.2918,96,70,63,2339,1000,3.11732,142,5.02653,7470967429
70.141,14257,33.2918,96,70,63,2339,1000,3.11732,142,5.02653,7571024645
63.8407,15664,33.2918,96,70,63,2339,1000,3.11732,142,5.02653,7671085501
73.8662,13538,33.2918,96,70,63,2339,1000,3.11732,142,5.02653,7771142358
43.1351,23183,33.2918,96,70,63,2339,1000,3.11732,142,5.02653,7871204864
75.2672,13286,33.2918,96,70,63,2339,1000,3.11732,142,5.02653,7971277760
75.8035,13192,30.1471,98,70,64,2404,1000,3.13064,146,5.02143,8071338286
96.8898,10321,30.1471,98,70,64,2404,1000,3.13064,146,5.02143,8171397323
77.2082,12952,30.1471,98,70,64,2404,1000,3.13064,146,5.02143,8271432819
65.8025,15197,30.1471,98,70,64,2404,1000,3.13064,146,5.02143,8371494695
68.8421,14526,30.1471,98,70,64,2404,1000,3.13064,146,5.02143,8471552311
68.6955,14557,25.3769,99,71,63,2404,1000,3.09687,144,5.02462,8571609298
79.1766,12630,25.3769,99,71,63,2404,1000,3.09687,144,5.02462,8671666354
42.2315,23679,25.3769,99,71,63,2404,1000,3.09687,144,5.02462,8771725410
65.8718,15181,25.3769,99,71,63,2404,1000,3.09687,144,5.02462,8871784556
66.1726,15112,25.3769,99,71,63,2404,1000,3.09687,144,5.02462,8971845263
64.7082,15454,33.7107,96,71,64,2336,1000,3.09687,142,5.0254,9071907039
81.1293,12326,33.7107,96,71,64,2336,1000,3.09687,142,5.0254,9171965945
69.6524,14357,33.7107,96,71,64,2336,1000,3.09687,142,5.0254,9272023081
53.1604,18811,33.7107,96,71,64,2336,1000,3.09687,142,5.0254,9372080848
74.3494,13450,33.7107,96,71,64,2336,1000,3.09687,142,5.0254,9472140054
80.8865,12363,29.1718,96,71,64,2320,1000,3.13615,141,5.02969,9572197340
61.2783,16319,29.1718,96,71,64,2320,1000,3.13615,141,5.02969,9672254796
72.2022,13850,29.1718,96,71,64,2320,1000,3.13615,141,5.02969,9772312802
83.8223,11930,29.1718,96,71,64,2320,1000,3.13615,141,5.02969,9872370809
72.2752,13836,29.1718,96,71,64,2320,1000,3.13615,141,5.02969,9972427715
40.032,24980,24.7549,99,71,64,2401,1000,3.13615,145,5.02966,10072486771
90.1632,11091,24.7549,99,71,64,2401,1000,3.13615,145,5.02966,10172544647
74.4491,13432,24.7549,99,71,64,2401,1000,3.13615,145,5.02966,10272610664
71.3674,14012,24.7549,99,71,64,2401,1000,3.13615,145,5.02966,10372668310
78.8022,12690,24.7549,99,71,64,2401,1000,3.13615,145,5.02966,10472725836
83.7591,11939,36.1282,97,71,64,2342,1000,3.17961,142,5.01706,10572782882
71.6384,13959,36.1282,97,71,64,2342,1000,3.17961,142,5.01706,10672840209
73.7572,13558,36.1282,97,71,64,2342,1000,3.17961,142,5.01706,10775013475
101.286,9873,36.1282,97,71,64,2342,1000,3.17961,142,5.01706,10875071392
81.4598,12276,36.1282,97,71,64,2342,1000,3.17961,142,5.01706,10975130838
87.6655,11407,25.3366,97,71,64,2342,1000,3.17961,142,5.0139,11075189774
88.5426,11294,25.3366,97,71,64,2342,1000,3.17961,142,5.0139,11175224210
73.0193,13695,25.3366,97,71,64,2342,1000,3.17961,142,5.0139,11275282027
77.1188,12967,25.3366,97,71,64,2342,1000,3.17961,142,5.0139,11375343973
73.551,13596,25.3366,97,71,64,2342,1000,3.17961,142,5.0139,11475401819
51.0543,19587,15.231,96,72,64,2339,1000,3.17961,141,5.01605,11575459095
64.8088,15430,15.231,96,72,64,2339,1000,3.17961,141,5.01605,11675516982
80.7103,12390,15.231,96,72,64,2339,1000,3.17961,141,5.01605,11775575268
71.8546,13917,15.231,96,72,64,2339,1000,3.17961,141,5.01605,11875632554
78.796,12691,15.231,96,72,64,2339,1000,3.17961,141,5.01605,11975693860
66.8941,14949,28.4663,99,72,65,2391,1000,3.02138,142,5.01525,12075756557
74.8335,13363,28.4663,99,72,65,2391,1000,3.02138,142,5.01525,12175814443
43.4254,23028,28.4663,99,72,65,2391,1000,3.02138,142,5.01525,12275874309
78.7216,12703,28.4663,99,72,65,2391,1000,3.02138,142,5.01525,12375936885
81.9068,12209,28.4663,99,72,65,2391,1000,3.02138,142,5.01525,12475994632
69.4927,14390,38.3085,98,73,64,2389,1000,3.10931,141,5.01324,12576055328
65.8545,15185,38.3085,98,73,64,2389,1000,3.10931,141,5.01324,12676114044
84.0407,11899,38.3085,98,73,64,2389,1000,3.10931,141,5.01324,12776170710
77.226,12949,38.3085,98,73,64,2389,1000,3.10931,141,5.01324,12876229507
71.5922,13968,38.3085,98,73,64,2389,1000,3.10931,141,5.01324,12976288343
86.192,11602,36.9077,98,73,64,2387,1000,3.06145,140,5.01852,13076345959
71.8546,13917,36.9077,98,73,64,2387,1000,3.06145,140,5.01852,13176406475
76.5111,13070,36.9077,98,73,64,2387,1000,3.06145,140,5.01852,13276480571
82.631,12102,36.9077,98,73,64,2387,1000,3.06145,140,5.01852,13376537868
96.2371,10391,36.9077,98,73,64,2387,1000,3.06145,140,5.01852,13476595564
62.4415,16015,38.0368,98,73,65,2388,1000,3.02512,140,5.02218,13576654560
95.4472,10477,38.0368,98,73,65,2388,1000,3.02512,140,5.02218,13676713216
36.0269,27757,38.0368,98,73,65,2388,1000,3.02512,140,5.02218,13776773823
90.5715,11041,38.0368,98,73,65,2388,1000,3.02512,140,5.02218,13876831179
54.0804,18491,38.0368,98,73,65,2388,1000,3.02512,140,5.02218,13976891365
77.9545,12828,38.0368,98,73,65,2388,1000,3.02512,140,5.02218,14076948601
92.7128,10786,39.8034,97,74,64,2371,1000,3.02526,139,5.02343,14177005748
102.775,9730,39.8034,97,74,64,2371,1000,3.02526,139,5.02343,14277062624
85.6458,11676,39.8034,97,74,64,2371,1000,3.02526,139,5.02343,14377119930
88.1213,11348,39.8034,97,74,64,2371,1000,3.02526,139,5.02343,14477178166
95.6938,10450,39.8034,97,74,64,2371,1000,3.02526,139,5.02343,14577239453
87.6347,11411,31.8893,96,73,65,2298,1000,3.05092,137,5.02591,14677296909
59.9449,16682,31.8893,96,73,65,2298,1000,3.05092,137,5.02591,14777355995
70.8165,14121,31.8893,96,73,65,2298,1000,3.05092,137,5.02591,14877414691
73.078,13684,31.8893,96,73,65,2298,1000,3.05092,137,5.02591,14977472328
73.1636,13668,31.8893,96,73,65,2298,1000,3.05092,137,5.02591,15077529244
71.3369,14018,22.8931,97,73,65,2368,1000,3.05257,139,5.02567,15177586080
121.625,8222,22.8931,97,73,65,2368,1000,3.05257,139,5.02567,15277645086
72.0357,13882,22.8931,97,73,65,2368,1000,3.05257,139,5.02567,15377706373
62.383,16030,22.8931,97,73,65,2368,1000,3.05257,139,5.02567,15477771999
67.3174,14855,22.8931,97,73,65,2368,1000,3.05257,139,5.02567,15577831855
85.5505,11689,37.858,99,73,64,2387,1000,3.1051,139,5.02489,15677891771
70.2445,14236,37.858,99,73,64,2387,1000,3.1051,139,5.02489,15777949798
70.4672,14191,37.858,99,73,64,2387,1000,3.1051,139,5.02489,15878007764
66.8628,14956,37.858,99,73,64,2387,1000,3.1051,139,5.02489,15978065060
128.617,7775,37.858,99,73,64,2387,1000,3.1051,139,5.02489,16078124186
70.4027,14204,23.0961,96,73,65,2335,1000,3.17736,138,5.02562,16178182242
69.979,14290,23.0961,96,73,65,2335,1000,3.17736,138,5.02562,16278241899
65.0618,15370,23.0961,96,73,65,2335,1000,3.17736,138,5.02562,16378299825
76.0167,13155,23.0961,96,73,65,2335,1000,3.17736,138,5.02562,16478360921
67.4263,14831,23.0961,96,73,65,2335,1000,3.17736,138,5.02562,16578420227
67.8564,14737,32.1033,98,73,65,2382,1000,3.17659,138,5.0261,16678477034
73.97,13519,32.1033,98,73,65,2382,1000,3.17659,138,5.0261,16778537590
77.7242,12866,32.1033,98,73,65,2382,1000,3.17659,138,5.0261,16878597436
99.3443,10066,32.1033,98,73,65,2382,1000,3.17659,138,5.0261,16978655832
56.4621,17711,32.1033,98,73,65,2382,1000,3.17659,138,5.0261,17078705109
59.2101,16889,37.6655,99,73,65,2389,1000,3.17963,138,5.01875,17178764335
101.678,9835,37.6655,99,73,65,2389,1000,3.17963,138,5.01875,17278822221
78.2228,12784,37.6655,99,73,65,2389,1000,3.17963,138,5.01875,17378883447
64.4496,15516,37.6655,99,73,65,2389,1000,3.17963,138,5.01875,17478940894
73.1208,13676,37.6655,99,73,65,2389,1000,3.17963,138,5.01875,17578997620
94.8407,10544,28.5714,96,73,64,2308,1000,3.17379,136,5.02077,17679055876
66.357,15070,28.5714,96,73,64,2308,1000,3.17379,136,5.02077,17779114202
70.5517,14174,28.5714,96,73,64,2308,1000,3.17379,136,5.02077,17879171779
69.9056,14305,28.5714,96,73,64,2308,1000,3.17379,136,5.02077,17979230965
58.7337,17026,28.5714,96,73,64,2308,1000,3.17379,136,5.02077,18079289301
67.659,14780,34.414,95,73,65,2297,1000,3.18454,134,5.02167,18179349957
68.5918,14579,34.414,95,73,65,2297,1000,3.18454,134,5.02167,18279407524
71.1997,14045,34.414,95,73,65,2297,1000,3.18454,134,5.02167,18379465730
63.7227,15693,34.414,95,73,65,2297,1000,3.18454,134,5.02167,18479523656
59.7193,16745,34.414,95,73,65,2297,1000,3.18454,134,5.02167,18579581482
68.6955,14557,8.58209,99,73,65,2389,1000,3.15459,139,5.02077,18679638829
62.7549,15935,8.58209,99,73,65,2389,1000,3.15459,139,5.02077,18779696975
62.8338,15915,8.58209,99,73,65,2389,1000,3.15459,139,5.02077,18879755721
60.3901,16559,8.58209,99,73,65,2389,1000,3.15459,139,5.02077,18979815727
112.423,8895,8.58209,99,73,65,2389,1000,3.15459,139,5.02077,19079874833
64.3087,15550,22.3048,99,72,65,2379,1000,3.06208,137,5.02192,19179931770
57.8771,17278,22.3048,99,72,65,2379,1000,3.06208,137,5.02192,19279988976
64.834,15424,22.3048,99,72,65,2379,1000,3.06208,137,5.02192,19380048332
70.7364,14137,22.3048,99,72,65,2379,1000,3.06208,137,5.02192,19480107458
68.653,14566,22.3048,99,72,65,2379,1000,3.06208,137,5.02192,19580165635
64.1478,15589,22.5527,96,72,65,2305,1000,3.06812,136,5.02463,19680222871
66.6844,14996,22.5527,96,72,65,2305,1000,3.06812,136,5.02463,19780280897
63.488,15751,22.5527,96,72,65,2305,1000,3.06812,136,5.02463,19880340763
59.7407,16739,22.5527,96,72,65,2305,1000,3.06812,136,5.02463,19980398760
72.7696,13742,22.5527,96,72,65,2305,1000,3.06812,136,5.02463,20080457126
59.4177,16830,22.5527,96,72,65,2305,1000,3.06812,136,5.02463,20180516352
61.9003,16155,7.93651,99,71,66,2380,1000,3.04159,137,5.02466,20280575018
64.6329,15472,7.93651,99,71,66,2380,1000,3.04159,137,5.02466,20380633295
65.1211,15356,7.93651,99,71,66,2380,1000,3.04159,137,5.02466,20480690691
86.798,11521,7.93651,99,71,66,2380,1000,3.04159,137,5.02466,20580747597
69.1659,14458,7.93651,99,71,66,2380,1000,3.04159,137,5.02466,20680805973
64.1849,15580,4.61923,99,69,66,2380,1000,3.0317,136,5.02466,20780866030
64.2343,15568,4.61923,99,69,66,2380,1000,3.0317,136,5.02466,20880923186
34.3879,29080,4.61923,99,69,66,2380,1000,3.0317,136,5.02466,20980983042
84.6812,11809,4.61923,99,69,66,2380,1000,3.0317,136,5.02466,21081042758
70.9673,14091,4.61923,99,69,66,2380,1000,3.0317,136,5.02466,21181100765
73.5889,13589,29.878,99,69,66,2386,1000,3.10744,137,5.02635,21281158861
69.6718,14353,29.878,99,69,66,2386,1000,3.10744,137,5.02635,21381216357
61.546,16248,29.878,99,69,66,2386,1000,3.10744,137,5.02635,21481273523
65.4622,15276,29.878,99,69,66,2386,1000,3.10744,137,5.02635,21581332170
66.4584,15047,29.878,99,69,66,2386,1000,3.10744,137,5.02635,21681389676
70.1607,14253,18.3498,97,69,66,2335,1000,3.04418,136,5.02748,21781448912
64.3459,15541,18.3498,97,69,66,2335,1000,3.04418,136,5.02748,21881506738
66.6711,14999,18.3498,97,69,66,2335,1000,3.04418,136,5.02748,21981565254
81.281,12303,18.3498,97,69,66,2335,1000,3.04418,136,5.02748,22081620861
61.6713,16215,18.3498,97,69,66,2335,1000,3.04418,136,5.02748,22181676277
60.3355,16574,5.12821,99,68,66,2382,1000,2.96933,136,5.02775,22281749203
64.5911,15482,5.12821,99,68,66,2382,1000,2.96933,136,5.02775,22381820459
68.7332,14549,5.12821,99,68,66,2382,1000,2.96933,136,5.02775,22481893656
80.1603,12475,5.12821,99,68,66,2382,1000,2.96933,136,5.02775,22581966522
67.8656,14735,5.12821,99,68,66,2382,1000,2.96933,136,5.02775,22682026368
68.6672,14563,5.43881,99,67,66,2377,1000,3.02601,136,5.02771,22782083634
66.6933,14994,5.43881,99,67,66,2377,1000,3.02601,136,5.02771,22882141701
74.5879,13407,5.43881,99,67,66,2377,1000,3.02601,136,5.02771,22982170057
81.3008,12300,5.43881,99,67,66,2377,1000,3.02601,136,5.02771,23082227933
66.6844,14996,5.43881,99,67,66,2377,1000,3.02601,136,5.02771,23182284689
84.317,11860,5.91862,99,65,66,2371,1000,3.02333,136,5.03137,23282342296
66.5735,15021,5.91862,99,65,66,2371,1000,3.02333,136,5.03137,23382400472
68.8137,14532,5.91862,99,65,66,2371,1000,3.02333,136,5.03137,23482458938
68.0782,14689,5.91862,99,65,66,2371,1000,3.02333,136,5.03137,23582516314
68.3995,14620,5.91862,99,65,66,2371,1000,3.02333,136,5.03137,23682573901
79.1766,12630,8.01001,99,65,66,2366,1000,3.01971,136,5.04097,23782631537
68.5636,14585,8.01001,99,65,66,2366,1000,3.01971,136,5.04097,23882689753
73.5564,13595,8.01001,99,65,66,2366,1000,3.01971,136,5.04097,23982745639
83.5073,11975,8.01001,99,65,66,2366,1000,3.01971,136,5.04097,24082802766
61.6865,16211,8.01001,99,65,66,2366,1000,3.01971,136,5.04097,24182859532
74.7608,13376,10.1485,99,65,66,2364,1000,2.98474,137,5.05129,24282917828
83.1601,12025,10.1485,99,65,66,2364,1000,2.98474,137,5.05129,24382975704
74.5712,13410,10.1485,99,65,66,2364,1000,2.98474,137,5.05129,24483033421
71.9062,13907,10.1485,99,65,66,2364,1000,2.98474,137,5.05129,24583106387
83.3611,11996,10.1485,99,65,66,2364,1000,2.98474,137,5.05129,24683173373
72.5953,13775,4.53431,99,64,66,2365,1000,2.98474,135,5.05152,24783243459
72.1137,13867,4.53431,99,64,66,2365,1000,2.98474,135,5.05152,24883300095
88.1446,11345,4.53431,99,64,66,2365,1000,2.98474,135,5.05152,24983357982
81.1886,12317,4.53431,99,64,66,2365,1000,2.98474,135,5.05152,25083416328
73.6648,13575,4.53431,99,64,66,2365,1000,2.98474,135,5.05152,25183473634
75.0075,13332,6.57568,99,63,66,2364,1000,3.00472,135,5.05151,25283532170
76.3126,13104,6.57568,99,63,66,2364,1000,3.00472,135,5.05151,25383590817
89.0155,11234,6.57568,99,63,66,2364,1000,3.00472,135,5.05151,25483647803
97.5895,10247,6.57568,99,63,66,2364,1000,3.00472,135,5.05151,25583705919
91.7431,10900,6.57568,99,63,66,2364,1000,3.00472,135,5.05151,25683763895
96.965,10313,4.29975,99,62,66,2373,1000,3.00472,135,5.04285,25783822512
88.3626,11317,4.29975,99,62,66,2373,1000,3.00472,135,5.04285,25883880178
65.4493,15279,4.29975,99,62,66,2373,1000,3.00472,135,5.04285,25983942334
63.2071,15821,4.29975,99,62,66,2373,1000,3.00472,135,5.04285,26084007160
63.0875,15851,4.29975,99,62,66,2373,1000,3.00472,135,5.04285,26184064127
62.2859,16055,7.38423,99,62,66,2376,1000,3.01433,136,5.04332,26284121073
61.237,16330,7.38423,99,62,66,2376,1000,3.01433,136,5.04332,26384179079
60.573,16509,7.38423,99,62,66,2376,1000,3.01433,136,5.04332,26484237175
58.1734,17190,7.38423,99,62,66,2376,1000,3.01433,136,5.04332,26584295052
58.9866,16953,7.38423,99,62,66,2376,1000,3.01433,136,5.04332,26684353628
62.6763,15955,5.23039,99,61,67,2377,1000,3.00242,139,5.04356,26784426584
63.5203,15743,5.23039,99,61,67,2377,1000,3.00242,139,5.04356,26884485450
62.7392,15939,5.23039,99,61,67,2377,1000,3.00242,139,5.04356,26984543877
63.2071,15821,5.23039,99,61,67,2377,1000,3.00242,139,5.04356,27084601723
59.2522,16877,5.23039,99,61,67,2377,1000,3.00242,139,5.04356,27184660889
88.6997,11274,5.23039,99,61,67,2377,1000,3.00242,139,5.04356,27284719185
62.4883,16003,8.72236,98,60,67,2375,1000,3.00524,139,5.05217,27384776162
61.282,16318,8.72236,98,60,67,2375,1000,3.00524,139,5.05217,27484834148
64.5369,15495,8.72236,98,60,67,2375,1000,3.00524,139,5.05217,27584893494
58.9206,16972,8.72236,98,60,67,2375,1000,3.00524,139,5.05217,27684952140
61.252,16326,8.72236,98,60,67,2375,1000,3.00524,139,5.05217,27785010076
62.5156,15996,6.35697,99,60,67,2375,1000,2.96831,139,5.05264,27885078623
65.3211,15309,6.35697,99,60,67,2375,1000,2.96831,139,5.05264,27985151929
64.487,15507,6.35697,99,60,67,2375,1000,2.96831,139,5.05264,28085220765
61.9348,16146,6.35697,99,60,67,2375,1000,2.96831,139,5.05264,28185278771
64.5369,15495,6.35697,99,60,67,2375,1000,2.96831,139,5.05264,28285337568
87.943,11371,4.11985,99,59,67,2370,1000,2.96463,139,5.04999,28385410284
85.7486,11662,4.11985,99,59,67,2370,1000,2.96463,139,5.04999,28485483570
89.0948,11224,4.11985,99,59,67,2370,1000,2.96463,139,5.04999,28585542726
88.2846,11327,4.11985,99,59,67,2370,1000,2.96463,139,5.04999,28685600183
85.0268,11761,4.11985,99,59,67,2370,1000,2.96463,139,5.04999,28785673229
89.662,11153,2.95203,99,58,67,2367,1000,2.96658,135,5.05023,28885746555
85.2152,11735,2.95203,99,58,67,2367,1000,2.96658,135,5.05023,28985820731
71.6435,13958,2.95203,99,58,67,2367,1000,2.96658,135,5.05023,29085889598
82.0412,12189,2.95203,99,58,67,2367,1000,2.96658,135,5.05023,29185962874
67.2224,14876,2.95203,99,58,67,2367,1000,2.96658,135,5.05023,29286031770
66.72,14988,4.11985,99,57,67,2361,1000,2.96658,134,5.05023,29386100796
69.1228,14467,4.11985,99,57,67,2361,1000,2.96658,134,5.05023,29486159273
78.8271,12686,4.11985,99,57,67,2361,1000,2.96658,134,5.05023,29586216779
78.6535,12714,4.11985,99,57,67,2361,1000,2.96658,134,5.05023,29686289775
81.6127,12253,4.11985,99,57,67,2361,1000,2.96658,134,5.05023,29786349111
62.4337,16017,5.61798,99,57,67,2348,1000,2.98485,134,5.04579,29886407388
63.2951,15799,5.61798,99,57,67,2348,1000,2.98485,134,5.04579,29986465214
60.6061,16500,5.61798,99,57,67,2348,1000,2.98485,134,5.04579,30086538780
62.3247,16045,5.61798,99,57,67,2348,1000,2.98485,134,5.04579,30186597666
58.6545,17049,5.61798,99,57,67,2348,1000,2.98485,134,5.04579,30286655353
58.6717,17044,3.78973,98,56,67,2360,1000,2.98485,137,5.04625,30386712749
71.2403,14037,3.78973,98,56,67,2360,1000,2.98485,137,5.04625,30486770065
84.7242,11803,3.78973,98,56,67,2360,1000,2.98485,137,5.04625,30586829911
73.1368,13673,3.78973,98,56,67,2360,1000,2.98485,137,5.04625,30686886588
75.0188,13330,3.78973,98,56,67,2360,1000,2.98485,137,5.04625,30786944264
70.4027,14204,3.27044,99,55,67,2355,1000,2.98272,136,5.04796,30887002700
82.8706,12067,3.27044,99,55,67,2355,1000,2.98272,136,5.04796,30987062296
80.2375,12463,3.27044,99,55,67,2355,1000,2.98272,136,5.04796,31087122023
93.0752,10744,3.27044,99,55,67,2355,1000,2.98272,136,5.04796,31187191319
84.3384,11857,3.27044,99,55,67,2355,1000,2.98272,136,5.04796,31287248705
88.5426,11294,4.50563,99,54,67,2348,1000,2.9707,133,5.04845,31387306391
83.668,11952,4.50563,99,54,67,2348,1000,2.9707,133,5.04845,31487362177
75.03,13328,4.50563,99,54,67,2348,1000,2.9707,133,5.04845,31587419664
86.1549,11607,4.50563,99,54,67,2348,1000,2.9707,133,5.04845,31687477090
49.0268,20397,4.50563,99,54,67,2348,1000,2.9707,133,5.04845,31787550526
60.9979,16394,3.34988,99,54,67,2348,1000,2.9707,133,5.0482,31887624012
59.8946,16696,3.34988,99,54,67,2348,1000,2.9707,133,5.0482,31987682679
60.0817,16644,3.34988,99,54,67,2348,1000,2.9707,133,5.0482,32087741635
59.1856,16896,3.34988,99,54,67,2348,1000,2.9707,133,5.0482,32187799681
60.4011,16556,3.34988,99,54,67,2348,1000,2.9707,133,5.0482,32287857137
60.9199,16415,5.23751,99,53,67,2368,1000,2.96081,133,5.04844,32387915914
90.6125,11036,5.23751,99,53,67,2368,1000,2.96081,133,5.04844,32487984660
90.967,10993,5.23751,99,53,67,2368,1000,2.96081,133,5.04844,32588057916
92.5754,10802,5.23751,99,53,67,2368,1000,2.96081,133,5.04844,32688130952
85.5066,11695,5.23751,99,53,67,2368,1000,2.96081,133,5.04844,32788204479
87.1688,11472,3.54957,99,53,67,2369,1000,2.96081,137,5.0482,32888277875
86.7754,11524,3.54957,99,53,67,2369,1000,2.96081,137,5.0482,32988351281
89.9928,11112,3.54957,99,53,67,2369,1000,2.96081,137,5.0482,33088424357
86.6176,11545,3.54957,99,53,67,2369,1000,2.96081,137,5.0482,33188482064
93.8438,10656,3.54957,99,53,67,2369,1000,2.96081,137,5.0482,33288539070
88.098,11351,3.49563,99,52,67,2362,1000,2.96081,134,5.04844,33388595806
87.9275,11373,3.49563,99,52,67,2362,1000,2.96081,134,5.04844,33488652312
91.4495,10935,3.49563,99,52,67,2362,1000,2.96081,134,5.04844,33588710729
93.5191,10693,3.49563,99,52,67,2362,1000,2.96081,134,5.04844,33688767565
86.3782,11577,3.49563,99,52,67,2362,1000,2.96081,134,5.04844,33788824101
84.1326,11886,2.875,99,51,66,2364,1000,2.96081,133,5.0482,33888880747
84.7386,11801,2.875,99,51,66,2364,1000,2.96081,133,5.0482,33988938034
85.6751,11672,2.875,99,51,66,2364,1000,2.96081,133,5.0482,34088994600
91.3242,10950,2.875,99,51,66,2364,1000,2.96081,133,5.0482,34189051526
85.2588,11729,2.875,99,51,66,2364,1000,2.96081,133,5.0482,34289109182
81.6127,12253,5.24345,99,52,67,2364,1000,2.96081,133,5.0482,34389166409
92.1999,10846,5.24345,99,52,67,2364,1000,2.96081,133,5.0482,34489223465
